ligandID,SMILES,maxring,numring,PDBs,PDBs_num
05S,Cc1c2n(c3c1C(=O)CC(C3)(C)C)-c4ccc(c(c4)NC(CNCCC2)C)C(=O)N,12,4,3qtf,1
06H,Cc1c2n(c3c1C(=O)CC(C3)(C)C)-c4ccc(c(c4)NC(C(=O)N(CCC2)C)C)C(=O)N,12,4,3r91,1
06J,Cc1c2n(c3c1C(=O)CC(C3)(C)C)-c4ccc(c(c4)NCC5CCCN5CCC2)C(=O)N,12,5,3r92,1
06T,Cc1c2n(c3c1C(=O)CC(C3)(C)C)-c4ccc(c(c4)NC(C(CN(CC2)C(=O)C(C)N)C)C)C(=O)N,12,4,3rkz,1
0BI,CC(C)c1cccc(c1)C2(CC2)NCC(C3Cc4cccc(c4)OCCCCNc5cc(cc(c5)C(=O)N3)COC)O,16,5,5qd7 3k5c,2
0CR,COc1cc2c3cc1OCCOc4cc5c(cc4OCc6cn(nn6)CCc7ccc(cc7)S(=O)(=O)N)Cc8cc9c(cc8Cc1cc(c(cc1C5)OCc1cn(nn1)CCC(=O)O)OCCOc1cc(c(cc1OC)Cc1cc(c(cc1C3)OC)OCCO9)C2)OCc1cn(nn1)CCC(=O)O,24,24,3cyu,1
0CX,CCC1CCCC(C(C(=O)C2=CC3C4CC(CC4C=CC3C2CC(=O)O1)O)C)O,12,4,3uyk,1
0DV,CC1C2CCC(C2=CC3(CCC(=C3C(C1O)OC4C(C(C(C(O4)CO)O)O)O)C(C)C)C)CO,8,4,3ux0,1
0GM,CC(C)CC1C(CC(=O)NC(C(=O)NCc2cccc(c2)CNC(=O)CCC(C(=O)N1)NC(=O)C(Cc3cccc4c3cccc4)Cc5cccc6c5cccc6)CC(C)C)O,20,6,1fq5 1gvv,2
0JZ,CC(C)C1c2nc(c[se]2)C(=O)NC(c3nc(c[se]3)C(=O)NC(c4nc(c[se]4)C(=O)N1)C(C)C)C(C)C,18,4,4m2s 3g60,2
0LG,CC(C)c1cccc(c1)CNCC(C2COCC=CCC(NC(=O)c3cc(cc(c3)N(C)S(=O)(=O)C)C(=O)N2)c4ccccc4)O,15,4,4dpf,1
0LN,CN1CCCCN(S(=O)(=O)NC(=O)c2ccc3c(c2)n4c(c3C5CCCCC5)-c6ccc(cc6C=C(C4)C1=O)OC)C,16,6,4dru,1
0N1,Cc1cc2cc(c1)C(=O)NC(COCC=CCC(NC2=O)c3ccccc3)C(CNCc4cccc(c4)C(C)C)O,15,4,4dpi,1
0U8,C1C2C(C(C(O2)(OCC3C(C(C(O1)(O3)CO)O)O)CO)O)O,10,3,4ffg,1
0UK,CC1C2C(C(C(=CC3=NC(=C(C4=NC(C5C(C(C1=N5)(C)CCC(=O)O)CC(=O)O)(C(C4CCC(=O)O)(C)CC(=O)O)C)C)C(C3CCC(=O)O)(C)CC(=O)O)N2)(C)C)CCC(=O)O,15,5,4fdv,1
0V4,CC1C2CCC(C2=CC3(CCC(=C3C(C1O)OC4C(C(C(C(O4)CO)O)O)O)C(C)C)C)COC,8,4,6nv2 4fr3,2
0XA,Cc1cc2cc(c1)C(=O)NC(COCC=CCCCC2=O)C(CNC(C)(C)c3ncc(o3)C(C)(C)C)O,15,3,4gmi,1
13C,c1c(c2c(c(c1O)Cl)CC(=O)CCCCC=CCCNC2=O)O,14,2,2xx2,1
13I,CCOC(C1CCCC=CCCNC(=O)c2c(cc(c(c2CC1=O)Cl)O)O)O,14,2,2xx4,1
13N,c1ccc(cc1)CNC(=O)C2CCCC=CCCNC(=O)c3c(cc(c(c3CC2=O)Cl)O)O,14,3,2xx5,1
13T,CC=CC(C)C1C(O1)(C)C(C2COC(=O)C(C(C(C(=O)C(C(C(=CC(C(=O)CCC(C2=O)C)C)C)O)C)C)OC)O)O,18,2,2otj,1
13U,c1cc(ccc1CNC(=O)C2CCCN2C(=O)CNC3CCCCCCC3)C(=N)N,8,3,2zq2 2zhe,2
17Q,CN(C)CCCCCOC1CCCCCCCCCCC1,12,1,4bf4,1
1BV,Cc1c(ccc2c1nc(cc2OC3CC4C(=O)NC5(CC5CCC=CCC=CC(C(=O)N4C3)NC(=O)c6ccn(n6)C)C(=O)NS(=O)(=O)C7(CC7)C)OC(C)C)OC,15,7,4i31 4i32 4i33,3
1CD,CC1CC2CN1CCN3C(=O)c4cccc(c4N3)C5=Nc6c(cccc6O2)NC5=O,14,6,2ds1,1
1CP,Cc1c2[nH]c(c1CCC(=O)O)Cc3c(c(c([nH]3)Cc4c(c(c([nH]4)Cc5c(c(c([nH]5)C2)CCC(=O)O)C)CCC(=O)O)C)CCC(=O)O)C,16,5,1r3v 1r3q 1r3s,3
1CR,COc1cc2c3cc1OCCOc4cc5c(cc4OCc6cn(nn6)CCc7ccc(cc7)S(=O)(=O)N)Cc8cc9c(cc8Cc1cc(c(cc1C5)OCc1cn(nn1)CCC(=O)O)OCCOc1cc(c(cc1OC)Cc1cc(c(cc1C3)OC)OCCO9)C2)OCc1cn(nn1)CCC(=O)O,24,24,3cyu,1
1D2,CC1CC(C(C(O1)OC2CCCCCCCCCCC2)O)N(C)C,12,2,2wi9,1
1D4,CC1CC(C(C(O1)OC2CCCCCCCCCCCC2)O)N(C)C,13,2,2whw,1
1F2,CCC1C2(C(C(C(=O)C(CC(C(C(C(C(C(=O)O1)C)OC(=O)N3CCCC3c4cccnc4)C)OC5C(C(CC(O5)C)N(C)C)O)(C)OC)C)C)NC(=O)O2)C,14,5,4io9,1
1F3,CCC1C2(C(C(C(=O)C(CC(C(C(C(C(C(=O)O1)C)OC(=O)N3C=CCC3c4ccc(cc4)NC(=O)C)C)OC5C(C(CC(O5)C)N(C)C)O)(C)OC)C)C)NC(=O)O2)C,14,5,4ioa,1
1F4,CCC1C2(C(C(C(=O)C(CC(C(C(C(C(C(=O)O1)C)OC(=O)N3CC(CC3c4cccnc4)(C)C)C)OC5C(C(CC(O5)C)N(C)C)O)(C)OC)C)C)NC(=O)O2)C,14,5,4ioc,1
1F5,CC1C2CCC(C2=CC3(CCC(=C3C(C1O)OC4C(C5C6(C(O4)COC)OC(O5)C(O6)(C)C7CO7)O)C(C)C)C)(COC)O,8,7,4ihl,1
1FM,CC1CC=CC(=O)C(C(CC=Cc2cc(cc(c2C(=O)O1)O)OC)O)O,14,2,3wzu 4gs6 3w55,3
1GA,CC1=CCc2ccc(cc2)NCC(=CCC1)C,13,3,4di5 4rnq,2
1OG,CC(=O)OCC1=C(N=CC(C(S(=O)(=O)C1)C(=O)OC(C)(C)C)C=O)C(=O)O,8,1,4jpm,1
1P1,Cn1cc2cc1C(=O)NCCC(C(=O)Nc3cn(c(n3)C(=O)Nc4cn(c(n4)C(=O)Nc5cc(n(c5)C)C(=O)Nc6cc(n(c6)C)C(=O)NCCC(C(=O)Nc7cn(c(n7)C(=O)Nc8cn(c(n8)C(=O)Nc9cc(n(c9)C)C(=O)N2)C)C)N)C)C)N,50,9,3i5l,1
1P2,Cn1cc2cc1C(=O)NCC(CC(=O)Nc3cn(c(n3)C(=O)Nc4cc(n(c4)C)C(=O)Nc5cc(n(c5)C)C(=O)Nc6cc(n(c6)C)C(=O)NCC(CC(=O)Nc7cn(c(n7)C(=O)Nc8cc(n(c8)C)C(=O)Nc9cc(n(c9)C)C(=O)N2)C)N)C)N,50,9,3omj,1
1QT,CCc1ccc2c(c1)C(CC3(O2)CCC3)NCC(C4Cc5cccc(c5)CCCCCCCC(=O)N4)O,14,5,4k8s,1
1R6,CCc1ccc2c(c1)C(CC3(O2)CCC3)NCC(C4Cc5cccc(c5)CCCCN6C=C(C=CC6=O)C(=O)N4)O,14,6,4ke1,1
1R8,CCc1ccc2c(c1)C(CC3(O2)CCC3)NCC(C4Cc5cccc(c5)CCCCCCC(=O)N4)O,13,5,4ke0,1
1RL,CCN(CC)CCOc1cccc2c1N=C3c4c5c(c(c6c4C(=O)C(O6)(OC=CC(C(C(C(C(C(C(C(C=CC=C(C(=O)NC(=C3O2)C5=O)C)C)O)C)O)C)OC(=O)C)C)OC)C)C)O,24,6,4kn4,1
1RM,Cc1c(c2c3c4c1OC(C4=O)(OC=CC(C(C(C(C(C(C(C(C=CC=C(C(=O)NC(=C5C3=Nc6c(cccc6OCCCCN7CCN(CC7)CCn8ccnc8)O5)C2=O)C)C)O)C)O)C)OC(=O)C)C)OC)C)O,24,8,4kn7,1
1SY,c1nc(c2c(n1)n(cn2)C3C(C4C(O3)COP(=O)(OC5C(C(COP(=O)(O4)O)OC5n6cnc7c6NC(=NC7=O)N)O)O)O)N,13,7,7buq 5grm 5cfq 4ksy 4loh 6dnk 6wt7 4o67 5vdp 6nt7 6nt8 6mjx 6a06 4lez 4loj 6y99,16
1T8,CC(C)C1C(=O)NCC=CCc2ccc(cc2)CC(C(=O)N1)(CCCN(Cc3ccc(cc3)c4cccnc4)NC(=O)C(C(C)(C)C)NC(=O)OC)O,15,5,4cpt 4cps,2
1X3,c1ccc2c(c1)CCN(C2)C(=O)OC3CC4C(=O)NC5(CC5CCCCCCCC(C(=O)N4C3)NC(=O)OC6CCCC6)C(=O)NS(=O)(=O)C7CC7,15,7,4ktc,1
1YC,c1nc(c2c(n1)n(cn2)C3C4C(C(O3)COP(=O)(OC5C(C(COP(=O)(O4)O)OC5n6cnc7c6N=C(NC7=O)N)O)O)O)N,14,7,5vdo 4loi,2
1YD,c1nc(c2c(n1)n(cn2)C3C(C4C(O3)COP(=O)(OC5C(COP(=O)(O4)O)OC(C5O)n6cnc7c6N=C(NC7=O)N)O)O)N,12,7,4lok 6a05,2
1ZV,c1ccc(cc1)CCC2C(=O)N3CCCC3C(=O)NC(C(=O)C(NCCCCCCCC(N2)O)O)CCCNC(=[NH2+])N,19,3,1ay6,1
27J,CC1CCCC(CCCCCc2cc(cc(c2C(=O)O1)O)O)O,14,2,4mg8 7axh,2
2BA,c1nc(c2c(n1)n(cn2)C3C(C4C(O3)COP(=O)(OC5C(COP(=O)(O4)O)OC(C5O)n6cnc7c6ncnc7N)O)O)N,12,7,4w90 6cy7 5vz0 6yja 4d3h 4ys2 4wk1 3c21 6z15 5cfn 7agv 4xtt 4rww 6xnv 6wtl 6wtr 4rle 5f29 4yxm 6n5t 6n5s 6n5q 6n5p 6n5o 6n5n 6n5k 7ahe 6iyf 4qka 4qk8 4qk9 6hvl 6a03 5uxf 4qlm 4qln 4w92 5ks7 5xsn 4yp1 4s1b 7ahm 7ahh 5vyz 6cff 3muv 3c1y 4qsh 4qsk,49
2CR,CC1CC(CC(C(C(=CC=CCC(OC(=O)CC(C(C1)C)O)C2CCCC2C(=O)O)C#N)O)C)C,18,2,4p3o 4p3n 4p3p 5zy9,4
2J8,CC(C)C1c2nc(c[se]2)C(=O)NC(c3nc(c[se]3)C(=O)NC(c4nc(c[se]4)C(=O)N1)C(C)C)C(C)C,18,4,4m2t 3g61,2
2LQ,c1cc(ccc1CC(C(=O)O)N)NC(=O)C2CCCC=CCC2,8,2,4pbt,1
2YD,CC1CCC2C(C(C(C(O2)C3=C(C(=O)C(=C4C3CC(O4)(C(CC(CC(=C1)C)C)C)O)C)O)C)O)C,16,4,4q1s,1
30B,Cc1c(ccc2c1nc(cc2OC3CC4C(C3)C(=O)N(CCCCC=CC5CC5(NC4=O)C(=O)NS(=O)(=O)C6CC6)C)c7nc(cs7)C(C)C)OC,14,7,3kee,1
35A,CC1CCc2cccc(c2)CC(C(=O)OCc3cc(nc(c3)N(C)S(=O)(=O)C)CC1)(C)N,16,3,2ph8,1
36J,CC1CCCC(CCCC=Cc2cc(cc(c2C(=O)O1)O)O)O,14,2,5xo7 5ie5 5ie4 5z7j 4tuz 6jr2,6
36L,Cc1nc(co1)C=C(C)C=CC=C(C)C(C(C)C2CC(C3(C(O3)C=CC(C4CC(CC=CC(=O)O2)CC(=O)O4)C)C)O)OC,16,4,4tuy,1
39W,CC(C)c1csc(n1)c2cc(c3ccc(c(c3n2)F)OC)OC4CC5C(=O)N(CCCCC=CC6CC6(NC(=O)N5C4)C(=O)NS(=O)(=O)C7(CC7)C)C,14,7,4u01,1
3EO,CC(C)c1csc(n1)c2cc(c3ccc(cc3n2)OC)OCC4CC5N4C(=O)NC6(CC6C=CCCCCN(C5=O)C)C(=O)NS(=O)(=O)C7(CC7)C,14,7,4tyd,1
3GT,CC1C2CC(C(C=CC=C(Cc3cc(c(c(c3)OC)Cl)N(C(=O)CC(C4(C1O4)C)OC(=O)C(C)N(C)C(=O)C)C)C)OC)(NC(=O)O2)O,19,4,4tv8,1
3LK,CCC1(CC(C2(C(CCC3(C2C(=O)CC3)C(C1O)C)C)C)OC(=O)CSC4CCCN(C4)C(=O)C(C(C)C)N)C,8,4,4wfb,1
3M6,CC1CN(C(=O)c2cccc(c2OC1CN(C)C(=O)Nc3ccc(cc3)C(F)(F)F)NS(=O)(=O)c4ccc(cc4)F)C(C)C(=O)O,8,4,4wgi,1
3M7,CC(C)(C)OC(=O)NC1CCCCCC=CC2CC2(NC(=O)C3CC(CN3C1=O)Oc4c5cc(ccc5c(cn4)OC)Cl)C(=O)NS(C6CC6)(O)O,15,6,4wh8,1
3OW,CC(C)CNC(=O)C(CC(C1COCc2cccc(c2)C(NC(=O)c3cc(cc(c3)N(C)S(=O)(=O)C)C(=O)N1)c4ccccc4)O)C(C)C,15,4,3own,1
3OX,CC(C)CNC(=O)C(CC(C1COCc2cccc(c2)C(NC(=O)c3cc(cc(c3)N(C)S(=O)(=O)C)C(=O)N1)c4ccccc4)O)C(C)C,15,4,3own,1
3Y8,CC1=C2C(C(C(N2)(C3C(C(C(N3)CC4=NC(CC5=NC1C(C5CCC(=O)O)(C)CC(=O)O)(C(=C4CCC(=O)O)CC(=O)O)C)(C)C=CC(=O)O)CC(=O)O)C)(C)CC(=O)O)CCC(=O)O,15,5,4x7g,1
3YI,Cc1c(c2c3c4c1OC(C4=O)(OC=CC(C(C(C(C(C(C(C(C=CC=C(C(=O)Nc(c2O)c(c3O)C=O)C)C)O)C)O)C)OC(=O)C)C)OC)C)O,24,5,6bef,1
3ZP,CCC1C(C=C(C=CC(=O)C(CC(C(C(C(CC(=O)O1)O)C)OC2C(C(C(C(O2)C)OC3CC(C(C(O3)C)O)(C)O)N(C)C)O)CC=O)C)C)COC4C(C(C(C(O4)C)O)O)OC,16,4,4x7x,1
40P,CC1CC23CCC(=CC2C4C5C(C(CC(O4)(O5)CC6CCCC7(O6)CCC8(O7)C(CCC(O8)CC(=C)CCCC3=NCC1C)(C)O)C)O)C(=O)O,19,8,4xhe,1
41J,CC1CC23CCC(=CC2C4C5C(C(CC(O4)(O5)CC6CCCC7(O6)CCC8(O7)C(CCC(O8)CC(=CCCC3=NCC1C)C)(C)O)C)O)C=C,19,8,4xk9,1
451,CC(=O)Nc1ccc2c(c1)OCCOCCOc3ccccc3OCCOCCO2,18,3,3fyx,1
4BW,c1nc(c2c(n1)n(cn2)C3C(C4C(O3)COP(=O)(OC5C(COP(=O)(O4)O)OC(C5O)n6cnc7c6N=C(NC7=O)N)O)O)N,12,7,6yj9 6ih7 5vdt 5cfm 6k3y 4yaz 6wt4 4yb1 6ydz 6ael,10
4P2,C=CC1CC1(C(=O)NS(=O)(=O)C2CC2)NC(=O)C3CC4CN3C(=O)C(NC(=O)OC5CCCC5CCCCCc6c(cc7ccccc7n6)O4)C8CCCC8,18,8,6fe6,1
4QS,CC1CC(C(C(C=C(C(C(C=CC=C(C(=O)NC2=C(C(=O)C(=C(C1)C2=O)OC)C)C)OC)OC(=O)N)C)C)O)OC,19,2,4as9,1
4T1,c1cc2cc(c1)NC(=O)CCCc3ccc(cc3)C(C(=O)NC2)Nc4ccc5c(c4)ccnc5N,16,6,4zxy,1
4UR,c1nc(c2c(n1)n(cn2)C3C4C(C(O3)COP(=O)(OC5C(COP(=O)(O4)O)OC(C5O)n6cnc7c6N=C(NC7=O)N)O)O)N,13,7,5bqx,1
4W9,CCC1CC2(C=C(C(CC23C(=C(C(=O)C4(C(CCC5C4CCCC5O)CC1O)C)C(=O)N3)O)C)C)C,11,5,5bu3,1
587,CCC1C=C(C(C(CC(C2C(CC(C(O2)(C(=O)C(=O)N3CCCCC3C(=O)OC(C(C(CC1=O)O)C)C(=CC4CCC(C(C4)OC)Oc5ccc6c(c5)ccn6C)C)O)C)OC)OC)C)O)C,21,6,1qpl,1
58T,CNc1c2c3nc(n1)OCCOCCOc4cccc(c4)CN3C(=O)N2,15,4,5anu,1
59C,CC1CC(C(C(C=C(C(C(C=CC=C(C(=O)NC2=C(C(=O)C(=C(C1)C2=O)NCC=C)C)C)OC)OC(=O)N)C)C)O)OC,19,2,4asa,1
5BF,c1ccc(cc1)CC(C=O)NC(=O)C2Cc3ccc(cc3)OCCCCOc4ccc(cc4)CCC(=O)c5ccc([nH]5)C(=O)N2,24,8,4q2k,1
5KK,C1CNCN2CNCCNCN(CN1)CNCCNC2,14,3,5e78,1
5LG,CC(C)CC1C(=O)NC(CCC(=O)NCCn2cc(nn2)CC(C(=O)N1)NC(=O)OCc3ccccc3)CO,17,3,5e0g,1
5LH,CC(C)CC1C(=O)NC(CCC(=O)NCCCn2cc(nn2)CC(C(=O)N1)NC(=O)OCc3ccccc3)CO,18,3,5e0h 6bic,2
5LJ,c1ccc(cc1)COC(=O)NC2Cc3cn(nn3)CCCCCCNC(=O)CCC(NC(=O)C(NC2=O)CC4CCCCC4)CO,21,4,5e0j,1
5N7,c1cc2ccc1CC(C(=O)NC(Cc3ccc(cc3)NC(=O)CCN4CCN(CCC(=O)N2)CC4)C(=O)NCc5ccc(cc5)C(=N)N)NS(=O)(=O)NC6CCCCC6,26,10,5eg4,1
5P8,CC1c2cc(ccc2C(=O)N(Cc3c(c(n(n3)C)C#N)-c4cc(c(nc4)N)O1)C)F,12,4,4uxl 5aa9 5aa8 5a9u 4clj 4cli,6
5QO,Cc1c2nc3c(cccc3n1)-c4cc5c([nH]4)C(CC=CC(N2)C)CNC5=O,13,5,5eol,1
5R2,CCc1c(nc2cc(ccc2n1)OC)OC3CC4C(=O)NC5(CC5C=CCCCCCC(C(=O)N4C3)NC(=O)OC(C)(C)C)C(=O)NS(=O)(=O)C6CC6,15,6,5epn 5epy,2
5RH,CC1CCCC(C=CC(=O)OC23C(C=CC1)C(C(=C)C(C2C(NC3=O)Cc4ccccc4)C)O)O,14,4,5eqi,1
5SO,CC1C2CCC(C2=CC3(CCC(=C3C(C1O)OC4C(C(C5C(O4)COC(O5)(C)C)O)O)C(C)C)C)COC,8,5,5exa,1
5WP,CCOc1c(c(c2c3c1C(OC=CC(C(C(C(C(C(C(C(C=CCC(C(=O)Nc(c2O)c(c3)CNN4CCN(CC4)C)C)C)OP(=O)(O)O)C)O)C)OC(C)O)C)OC)O)O)C,23,5,5fbu,1
5WQ,CCOc1c(c(c2c3c1C(OC=CC(C(C(C(C(C(C(=O)C(C=CCC(C(=O)Nc(c2O)c(c3)CNN4CCN(CC4)C)C)C)C)O)C)OC(=O)C)C)OC)O)O)C,23,5,5fbt,1
60Z,CCC(Cc1ccccc1)C2C=CCC=CCC(C(C(C3CCC(C(O3)(C(=O)C(=O)N4CCCCC4C(=O)O2)O)C)C)O)C,19,4,6oqa,1
62B,CC1CCC23CCC(=O)C2C1(C(CC(C(C3C)O)(C)C=C)OC(=O)CSC4CCC(CC4O)N)C,8,4,5hl7,1
62U,CC1CC(C(C(C=C(C(C(C=CC=C(C(=O)NC2=C(C(=O)C(=C(C1)C2=O)OC)c3ccco3)C)OC)OC(=O)N)C)C)O)OC,19,3,4asf,1
63P,CNC(=O)C1Cc2ccc(cc2)NC(=O)C(Cc3cc(ccc3Cl)Oc4ccc(cc4)C5(CCCC5)CC(=O)N1)NC(=O)c6ccnn6C,22,9,5hi4,1
63Q,CNC(=O)C1Cc2ccc(cc2)NC(=O)C(Cc3cc(ccc3Cl)-c4cccc(c4)CCC(=O)N1)NC(=O)c5ccnn5C,20,6,5hi5,1
66C,c1ccc-2c(c1)CN(c3ccccc3-c4c2n(nn4)c5ccc(cc5)CC(C(=O)O)N)C(=O)CCN,8,5,5dy6,1
67O,Cc1cc2ccc1C(COC(=O)Nc3cc(c(c(c3)F)O)CN(C(=O)C2Nc4ccc5c(c4)ccnc5N)C)C,16,6,5i46,1
6BQ,CC1CCC=CCC(C(CC(C(C(C(CC(=O)O1)OC(=O)C)OC)OC2C(C(C(C(O2)C)OC3CC(C(C(O3)C)OC(=O)CC(C)C)(C)O)N(C)C)OP(=O)(O)O)CCO)C)O,16,3,5ih1,1
6K9,CC1CC2CCC3C(=C)CC(O3)CCC45CC6C(O4)C7C(O6)C(O5)C8C(O7)CCC(O8)CC(=O)CC9C(CC(C1=C)O2)OC(C9OC)CC(CN)O,22,10,5jh7,1
6L0,C1CCNC(=O)CCC(=O)N(CCCCCNC(=O)CCC(=O)N(CC=CCCNC(=O)CCC(=O)N(CC1)O)O)O,33,1,5jj5 6z8a,2
6Q1,CN1CCN(CC1)Cc2ccc(cc2)c3cn4c5c3cnc(n5)NCCCCC(=O)NCCC4,14,5,5k0k,1
6QG,Cc1c-2c(on1)COc3cccc(c3)CCCS(=O)(=O)NCc4ccc2cc4,17,5,5l7h,1
6T3,c1cc2cc(c1)-c3ccnc(n3)Nc4ccc(c(c4)COCC=CCOC2)OCCN5CCCC5,18,5,5lbz,1
6TS,CCC(=O)Nc1ccccc1Nc2c(cnc(n2)Nc3ccnc(c3)C#CCCNC(=O)OC4CCCC=CCC4)Cl,8,4,5lcj,1
6VB,c1c(cc2c(c1Cc3cc(cc(c3O)Cc4cc(cc(c4O)Cc5cc(cc(c5O)C2)S(=O)(=O)O)Br)S(=O)(=O)O)O)S(=O)(=O)O,16,5,5lft,1
6VJ,c1ccc(cc1)c2cc3c(c(c2)Cc4cc(cc(c4O)Cc5cc(cc(c5O)Cc6cc(cc(c6O)C3)S(=O)(=O)O)S(=O)(=O)O)S(=O)(=O)O)O,16,6,5kpf,1
70A,Cc1cc2ccc1C(COC(=O)Nc3ccc(c(c3)CN(C(=O)C2Nc4ccc5c(c4)ccnc5N)C)C6(CC6)c7[nH]nnn7)C,16,8,5l30,1
70C,Cc1cc2ccc1C(COC(=O)Nc3ccc(c(c3)CN(C(=O)C2Nc4ccc5c(c4)c(cnc5N)F)C)C6(CCCCC6)C(=O)O)C,16,7,5l2z,1
70D,Cc1cc2ccc1C(COC(=O)Nc3ccc(c(c3)CN(C(=O)C2Nc4ccc5c(c4)c(cnc5N)F)C)C6(CCC6)C(=O)O)C,16,7,5l2y,1
71E,CC(C)C(C(=O)NC1Cc2ccc3c(c2)C4(c5cc(ccc5NC4O3)F)c6c(nc(o6)C(NC1=O)C(C)(C)C)c7nc(co7)CO)O,12,7,5lov,1
773,CCC1C2(C(C(C(=O)C(CC(C(C(C(=O)C(C(=O)O1)C)C)OC3C(C(CC(O3)C)N(C)C)O)(C)OCC=Cc4cc5ccccc5nc4)C)C)NC(=O)O2)C,14,5,1nwx,1
78E,CC(C)C1C(=O)NC(C(=O)N2CCCC(N2)C(=O)OCCC=CC=CCCCCC(=O)N1)Cc3cccc(c3)O,22,3,5t9w,1
78R,CC1C(CCC=Cc2cccc(c2)COC(=O)C3CCCN(N3)C(=O)C(NC(=O)C(NC1=O)C(C)C)Cc4cccc(c4)O)OC,22,4,5t9z,1
78X,CC1c2cccc(c2)C=CCCC(C(C(=O)NC(C(=O)NC(C(=O)N3CCCC(N3)C(=O)O1)Cc4cccc(c4)O)C(C)C)C)OC,22,4,5ta2,1
7AZ,c1c(cc2c(c1Cc3cc(cc(c3O)Cc4cc(cc(c4O)Cc5cc(cc(c5O)Cc6cc(cc(c6O)Cc7cc(cc(c7O)C2)P(=O)(O)O)P(=O)(O)O)P(=O)(O)O)P(=O)(O)O)P(=O)(O)O)O)P(=O)(O)O,24,7,6y0j 5lyc,2
7BL,CC=CCC(=CC1CC=CC=CCC(C=C(C(CC=CC(CC(=O)O1)O)OC)C)C)C,18,1,4ycn,1
7BS,CC=CCC(=CC1CC=CC=CCC(C=C(C(CC=CC(CC(=O)O1)OC2C(C(C(C(O2)CO)O)OC)O)OC)C)C)C,18,2,4ycm,1
7C4,CCC(C)C1C(CC(=O)OC(C(=O)C(C(=O)NC(C(=O)N2CCCC2C(=O)N(C(C(=O)OC(C(C(=O)N1)NC(=O)C(CC(C)C)N(C)C(=O)C3CCCN3C(=O)C(C)O)C)Cc4ccc(cc4)OC)C)CC(C)C)C)C(C)C)O,23,4,5lzs,1
7DK,COC(=O)Nc1ccc-2c(c1)NC(=O)CCCCCC(c3[nH]cc2n3)NC(=O)C=Cc4cc(ccc4n5cnnn5)Cl,13,5,5tku,1
7DL,COC(=O)Nc1ccc-2c(c1)CCCCCCCC(c3[nH]c(c2n3)Cl)NC(=O)C=Cc4cc(ccc4n5cnnn5)Cl,13,5,5tks,1
7DS,COC(=O)Nc1ccc-2c(c1)NC(=O)CCC=CCC(c3[nH]cc2n3)NC(=O)C=Cc4cc(ccc4n5cnnn5)Cl,13,5,5tkt,1
7FK,CN1CCC=CCCCCCCC(=O)Cc2c(c(cc(c2Cl)O)O)C1=O,16,2,4ce1,1
7FM,CS(=O)(=O)N1CCCCC(=O)N2CCc3c2ccc(c3)Nc4ncc(c(n4)NCc5c1nccc5)C(F)(F)F,19,6,5to8,1
7HG,CC1C(C=CC=CCCOC(=O)C2CCCN(N2)C(=O)C(NC(=O)C(NC(=O)C(C1OC)C)C(C)C)Cc3cccc(c3)O)OC,22,3,5t9u,1
7KQ,CN1Cc2cc(ccc2S(=O)(=O)C3CC3)NC(=O)OCCc4cccc(c4)C(C1=O)Nc5ccc6c(c5)ccnc6N,15,6,5tqe,1
7KR,CN1Cc2cc(ccc2S(=O)(=O)C3CC3)NC(=O)CCc4cccc(c4)C(C1=O)Nc5ccc6c(c5)ccnc6N,14,6,5tqf,1
7KS,CC1CC(=O)Nc2ccc(c(c2)CN(C(=O)C(c3ccc(c1c3)OCC(F)F)Nc4ccc5c(c4)c(cnc5N)F)C)S(=O)(=O)C6CC6,14,6,5tqg,1
7LT,CN1CCCNC(CC(=O)NC2CCc3ccccc3N(C2=O)CC(=O)NC(CC1=O)Cc4ccc(c(c4)CCc5ccccc5)Cl)Cc6ccc(cc6)Cl,18,6,5mes,1
7LW,CN1CCCNC(CC(=O)NC2CCc3ccccc3N(C2=O)CC(=O)NC(CC1=O)Cc4ccc(c(c4)Cl)Cl)Cc5ccc(cc5)S(=O)(=O)C,18,5,5mev,1
7LZ,CC1CCC(C(C(OC(=O)C=CC=CC(C(CC(C=CC(C(C(C1)C)O)C)O)O)C)C(C)C=CC=C)C)O,22,1,5mf4,1
7YS,Cc1c-2c(n(n1)CCO)CN(C(=O)c3ccc(c(c3C(Oc4c(ncc2n4)N)C)Cl)F)C,12,4,5u6b 5u6c,2
814,CC1CC(C(C(C=C(C(C(C=CC=C(C(=O)NC2=C(C(=O)C(=C(C1)C2=O)OC)c3ccccc3)C)OC)OC(=O)N)C)C)O)OC,19,3,4asg,1
818,CCC1C=C(C(C(CC(C2C(CC(C(O2)(C(=O)C(=O)N3CCCCC3C(=O)OC(C(C(CC1=O)O)C)C(=CC4CCC(C(C4)OC)O)C)O)C)OC)OC)C)O)C,21,4,6yf0 1fkd,2
82J,CCc1cc2ccc1CCOC(=O)Nc3ccc(c(c3)CN(C(=O)C2Nc4cccc(c4)C(=O)N)C)S(=O)(=O)C(C)C,16,5,5u6j,1
838,CC1c2cccc(c2)C=CCCC(C(C(=O)NC(C(=O)NC(C(=O)N3CCCC(N3)C(=O)O1)C)C(C)C)C)OC,22,3,5ta4,1
858,CCC1C=C(CC(CC(C2C(CC(C(O2)(C(=O)C(=O)N3CCCCC3C(=O)OC(C(C(CC1=O)O)C)C(=CC4CCC(C(C4)OC)Oc5ccc6c(c5)ccn6CC)C)O)C)OC)OC)C)C,21,6,1qpf,1
85A,c1cnccc1CNc2cc3c(cc2Cl)NC(=O)Nc4cnc(c(n4)OCCCCCO3)C#N,15,4,2e9v,1
89D,CCS(Nc1ccc2c(c1)C3=CN(C(=O)C=C3OCCCCc4cc(cc(c4O2)F)F)C)(O)O,12,4,5uex,1
8F5,CC1C2=C(C(C(=N2)C=C3C(C(C(=N3)C(=C4C(C(C(N4)(C5C(C(C1=N5)(C)CCC(=O)O)CC(=O)O)C)(C)CC(=O)O)CCC(=O)O)CC=C)(C)CC(=O)O)CCC(=O)O)(C)C)CCC(=O)O,15,5,5n0g,1
8GQ,c1c2cc(c3c1CCC(=O)N3)OCC=CCOC4CC(N(C4)c5cc(n6c(n5)c(cn6)C#N)N2)CO,16,6,5n1v 5n1z,2
8TE,c1c(cc2c(c1Cc3cc(cc(c3O)Cc4cc(cc(c4O)Cc5cc(cc(c5O)C2)CP(=O)(O)O)CP(=O)(O)O)CP(=O)(O)O)O)CP(=O)(O)O,16,5,5ncv,1
8TO,CC1CC(C(C(C=C(C(C(C=CC=C(C(=O)NC2=C(C(=O)C(=C(C1)C2=O)NCCN(C)C)C)C)OC)OC(=O)N)C)C)O)OC,19,2,4asb,1
8WE,CC=CC=CC(=O)NC(C1CC(=CC2CC(CC(O2)CCCC(=O)CC(CCCC(=O)O1)C)C)C)O,18,2,5ng1,1
8Y0,c1ccc-2c(c1)CN(c3ccccc3-c4c2n(nn4)CCCCCCCCCCCCC=CC(=O)C=NCC(=O)O)C(=O)CCCCCNC(=O)C(F)(F)F,8,4,5wr0,1
9B0,CCC(C(C)C1C(O1)CC(C)(C=CC=C(C)C2C(C=CC(C(CCC(CC(=O)O2)O)(C)O)OC(=O)N3CCN(CC3)C4CCCCCC4)C)O)O,12,4,5zya,1
9B7,c1nc2c(n1C3C(C4C(O3)COP(=O)(OC5C(COP(=O)(O4)O)OC(C5O)n6cnc7c6NC=NC7=O)O)O)NC=NC2=O,12,7,5vdr,1
9BA,CCC1C(=O)NC(C(=O)NCCC(C(=O)NC(C(=O)N1)CCCNC(=N)NC)(C)NC(=O)C(C)C)c2ccccc2,14,2,5vfc,1
9BJ,C1COP(=O)(OC2C(COP(=O)(OC1C(C(N3C=CC(=O)NC3=O)O)O)O)OC(C2O)N4C=CC(=O)NC4=O)O,12,4,5vds,1
9EY,COC(=O)Nc1ccc-2c(c1)NC(=O)CCCCC(c3[nH]cc2n3)NC(=O)C=Cc4cc(ccc4n5cnnn5)Cl,12,5,5q0d,1
9F1,Cc1cc(c(c(c1)F)C(=O)NC2CC=CC(CC(=O)Nc3cc(ccc3-c4c([nH]c2n4)Cl)NC(=O)OC)C)F,13,4,5q0h,1
9F7,CCC1CCCC(c2[nH]cc(n2)-c3ccc(cc3NC1=O)NC(=O)OC)NC(=O)C=Cc4cc(ccc4n5cnnn5)Cl,12,5,5q0g,1
9FA,CC1CC(=O)Nc2cc(ccc2-c3c[nH]c(n3)C(CC=C1)NC(=O)C=Cc4cc(ccc4n5cnnn5)Cl)NC(=O)OC,13,5,5q0f,1
9FD,CC1CCCC(c2[nH]cc(n2)-c3ccc(cc3NC(=O)C1)NC(=O)OC)NC(=O)C=Cc4cc(ccc4n5cnnn5)Cl,13,5,5q0e,1
9H4,Cc1c(nc2cc(ccc2n1)OC)OC3CC4C(=O)NC5(CC5C=CCCCCCC(C(=O)N4C3)NC(=O)OC(C)(C)C)C(=O)NS(=O)(=O)C6(CC6)C,15,6,5voj 6ue3,2
9H7,CC(C)(C)OC(=O)NC1CCCCCC=CC2CC2(NC(=O)C3CC(CN3C1=O)Oc4c(nc5ccccc5n4)c6cccs6)C(=O)NS(=O)(=O)C7CC7,15,7,5vp9,1
9LF,Cc1c(c2c3c(cc(c2O)NC(=O)C(=CC=CC(C(C(C(C(C(C(C(C=COC4(C(=O)c3c1O4)C)OC)C)OC(=O)C)C)O)C)O)C)C)OC(=O)CO)O,24,5,5ysw,1
9U0,C1CCC=CC(CC1)OC(=O)NCCCCC(C(=O)O)N,8,1,6aao,1
9U9,C1CC2C(C2COC(=O)NCCCCC(C(=O)O)N)CCC#C1,8,2,6aaq,1
9UE,CC1CC(OC(=O)CC(NC(=O)C(N(C(=O)C(NC(=O)C(CC(=C1)C)C)C)C)Cc2c3ccccc3[nH]c2Br)c4ccc(cc4)O)C,19,4,5ogw 6tu7 7aln 6tu4,4
9VG,CC(=CC(=O)OC)C12C3C#CC=CC#CC(C1(O2)c4cc(c5c(c4N3)C(=O)c6ccccc6C5=O)O)O,10,6,5w27,1
9XB,CCCC1CC2CCC(O2)C(C(=O)OC(C(C3CCC(O3)C(C(=O)O1)C)C)C(C)C4CCC(O4)CC(CCC)N(C)C)C,16,4,5ojy,1
9ZK,CC1CCC=C(CC(C(=O)NC(C(=O)N(C(C(=O)NC(CC(=O)O1)c2ccc(cc2)O)Cc3c[nH]c4c3cccc4)C)CCCCN)C)C,19,4,6t24 6t23 5ooc 5ood,4
9ZM,COC(=O)Nc1ccc-2c(c1)NC(=O)CCc3c(ccc(n3)CC(c4[nH]cc2n4)NC(=O)C=Cc5cc(ccc5n6cnnn6)Cl)F,14,6,5wb6,1
A25,c1cc2c(cc1Cl)NC(=O)Nc3cncc(n3)OCCCCCO2,15,3,2e9u,1
ACX,C(C1C2C(C(C(O1)OC3C(OC(C(C3O)O)OC4C(OC(C(C4O)O)OC5C(OC(C(C5O)O)OC6C(OC(C(C6O)O)OC7C(OC(O2)C(C7O)O)CO)CO)CO)CO)CO)O)O)O,30,22,3edd 3edf 1cxf 2zym 3bcd 2xfy 3ck7 2y5e,8
AFB,CC1CCCC=CC2CC(CC2C(C=CC(=O)O1)O)O,13,2,1r8q 1re0 1s9d,3
AJU,c1cc2c(cc1C(=O)O)OCCOCCOCCOCCOCCO2,18,2,6imy,1
AMY,CCCCCC1C(C(OC(=O)C(C(OC1=O)C)NC(=O)c2cccc(c2O)NC=O)C)OC(=O)CC(C)C,9,2,6klv 3bcc,2
ANJ,CCCCCCC1C(C(OC(=O)C(C(OC1=O)C)NC(=O)c2cccc(c2O)NC=O)C)OC(=O)C(C)CC,9,2,2qjp 2qjk 5kli,3
ANY,CCCCCCCC1C(C(OC(=O)C(C(OC1=O)C)NC(=O)c2cccc(c2O)NC=O)C)OC(=O)C(C)CC,9,2,1ppj 3h1i,2
AP8,CC1CCC(C(=CCC(CC(C=CCC(OC(=O)C=CC=CCC(C(C1O)C)OC(=O)C(COC)N(C)C)C(C)C(C(C)CCC(C(C)C(C(C)C=CN(C)C=O)OC(=O)C)OC(=O)C(C)N(C)C)O)OC)C)C)OC,24,1,1wua,1
AR9,CCCCNC(=O)C(C)CC(C1CC(CCCCCCCC(=O)NC(C(=O)N1)C)C)O,15,1,3dv1 5qcw,2
ARD,Cc1ccc(s1)C2CC3CCC(C(O3)(C(=O)C(=O)N4CCCCC4C(=O)OC(CC(=O)C(C=C(C(C(C(=O)C(CC(C=CC=CC=C2C)C)C)OC)O)C)C)C(C)CC5CCC(C(C5)OC)O)O)C,29,5,4fap 3fap,2
AWB,CCCCCCC1C(C(OC(=O)C(C(OC1=O)C)NC(=O)c2cccc(c2O)NC=O)C)OC(=O)CC(C)C,9,2,5ae3,1
AXF,CCCCNC(=O)C(C)CC(C1CSCC=CCSC2CCCNC2C(=O)NC(C(=O)N1)C)O,15,2,5qcs 2f3f,2
AXQ,CCCCNC(=O)C(C(C)C)NC(=O)C(C)CC(C1CSCC=CCSCC(C(=O)NC(C(=O)N1)C)NC(=O)OC(C)(C)C)O,15,1,2f3e 5qd4,2
AY1,CCCCCCC1C(C(OC(=O)C(C(OC1=O)C)NC(=O)c2cccc(c2O)NC=O)C)OC(=O)C(C)C,9,2,1ntk,1
B15,c1cc(ccc1CCNC(=O)c2ccc(cc2)CN3CC(=O)O[Cu]OC(=O)C3)S(=O)(=O)N,8,3,2foq,1
B17,c1cc(ccc1C(=O)NCCOCCOCCN2CC(=O)O[Cu]OC(=O)C2)S(=O)(=O)N,8,2,2fos,1
B22,c1cc(cc(c1)NC(=O)CN2CC(=O)O[Cu]OC(=O)C2)C(=O)NCCc3ccc(cc3)S(=O)(=O)N,8,3,2fou,1
B30,c1cc(ccc1C(=O)NCCN2CC(=O)O[Cu]OC(=O)C2)S(=O)(=O)N,8,2,2foy 2fov,2
B4E,c1cn2c3c(cn2)-c4cc(cc(c4)Cl)OCCOCCNc1n3,14,4,5oy6,1
B4T,COCCOCCOCCOCCOCCOCCOCCOCCOCCOCCOCCOCCOCCOCCOCCOCCOCCOc1c2cc(cc1Cc3cc(cc(c3O)Cc4cc(cc(c4O)Cc5cc(cc(c5O)C2)S(=O)(=O)O)S(=O)(=O)O)S(=O)(=O)O)S(=O)(=O)O,16,5,6egy,1
B4X,COCCOCCOCCOCCOCCOCCOCCOCCOCCOCCOCCOCCOCCOc1c2cc(cc1Cc3cc(cc(c3O)Cc4cc(cc(c4OCCOCCOCCOCCOCCOCCOCCOCCOCCOCCOCCOCCOCCOC)Cc5cc(cc(c5O)C2)S(=O)(=O)O)S(=O)(=O)O)S(=O)(=O)O)S(=O)(=O)O,16,5,6egz,1
B9A,c1ccc2c(c1)c3c4cccc(c4n2)CSCCNC(CCC(=O)NCCSCc5cccc6c5nc7ccccc7c6NCCCNCCCCNCCCN3)O,36,7,1fd5,1
BAV,CC1CCCCCCCCC(=O)N(C(C(=O)NC(C1)C(CNCc2cccc(c2)C(C)C)O)C)C,16,2,5qdb 3dv5,2
BC2,CC1CC(C(C(C=C(C(C(C=CC=C(C(=O)NC2=CC(=O)C=C(C1OC)C2=O)C)C)OC(=O)N)C)C)OC)OC,19,2,3pej 2vwc,2
BC6,CC1CCC=C(C(=O)Nc2cc(cc(c2)O)CC(CC(C(C(C=C(C1OC(=O)N)C)C)O)OC)C)C,19,2,2vw5,1
BC9,CC1CC(CC(C(C(=CCCCC(OC(=O)CC(C(C1)C)O)C2CCC2C(=O)O)C#N)O)C)C,18,2,4ttv,1
BCD,C(C1C2C(C(C(O1)OC3C(OC(C(C3O)O)OC4C(OC(C(C4O)O)OC5C(OC(C(C5O)O)OC6C(OC(C(C6O)O)OC7C(OC(C(C7O)O)OC8C(OC(O2)C(C8O)O)CO)CO)CO)CO)CO)CO)O)O)O,35,21,3czh 3edj 1g1y 3jus 3juv 1z0m 1z0n 2zyn 3dl9 3m3r 3cgt 3ck8 1jl8 3ld6 1gvi 3c6g 1dmb 2y4s 3m4e,19
BCM,CC(CO)(C(C12C(=O)NC(C(=C)CCO1)(C(=O)N2)O)O)O,8,3,1xpo,1
BGZ,CCC(C(C)C1C(O1)CC(C)C=CC=C(C)C2C(C=CC(C(CCC(CC(=O)O2)O)(C)O)OC(=O)C)C)O,12,2,6en4,1
BI6,CCC(C(=O)NC1C=CCCC2CCC(N2C1=O)C(=O)NC(c3ccccc3)c4ccccc4)N=C,8,4,2jk7,1
BIM,CN(C)c1c2ccc(n1)CCCn3cc(c4c3cccc4)C5=C(c6cn(c7c6cccc7)CCCC2)C(=O)NC5=O,19,8,2ow3,1
BIQ,CCCNC(=O)C1Cc2ccc(cc2)Oc3cc(ccc3[N+](=O)[O-])CC(C(=O)NC(C(=O)N1)CC(=O)N)NC(=O)OCc4ccccc4,17,5,2gpl,1
BKR,CC1=C2C(C(=O)C3(C(CC4C(C3C(C(C2(C)C)(CC1OC(=O)C(C(c5ccccc5)NC(=O)c6ccccc6)O)O)OC(=O)c7ccccc7)(CO4)OC(=O)C)O)C)O,8,7,6kj0,1
BO5,CN1CCC=CCCCCCC(=O)Cc2c(c(cc(c2Cl)O)O)C1=O,15,2,4ce2,1
BPB,CC=C1c2cc3c(c4c([nH]3)c(c5nc(cc6c(c(c([nH]6)cc(n2)C1C)C(=O)C)C)C(C5CCC(=O)OCC=C(C)CCCC(C)CCCC(C)CCCC(C)C)C)C(C4=O)C(=O)OC)C,16,6,2i5n 3g7f 5o64 1vrn 2wjn 2wjm 5m7l 5m7k 5m7j 5prc 1umx 6zi6 6et5 3d38 6zid 6zia 6zi5 6zi4 6zi9 4cas 5nj4 4ac5 2jbl 6zhw 1dxr 3t6e 3t6d 5o4c 7prc 1prc 2prc 6prc 2x5u 2x5v 3prc 1r2c,36
BPH,CCC1c2cc3c(c4c([nH]3)c(c5nc(cc6c(c(c([nH]6)cc(n2)C1C)C(=O)C)C)C(C5CCC(=O)OCC=C(C)CCCC(C)CCCC(C)CCCC(C)C)C)C(C4=O)C(=O)OC)C,16,6,1k6n 1k6l 1rqk 3wmm 4v8k 5b5n 5b5m 1mps 2uxm 3zuw 1m3x 2boz 4in7 4in6 4in5 1fnq 1fnp 4tqq 2uxj 2ux5 2ux4 5y5s 2gmr 2bns 2bnp 6z27 3v3z 3v3y 1z9j 1z9k 1e6d 4rcr 2gnu 1rgn 1rg5 1ry5 1rzh 1rzz 7c52 1aij 1aig 5v33 6z02 1pcr 4hbj 4hbh 4lwy 3zum 3dsy 1yst 2wx5 1ogv 3dta 3dts 3dtr 1dv6 1dv3 2hit 2j8c 2j8d 6z1j 3du3 3duq 1eys 5yq7 2hg3 2hg9 1rvj 1yf6 2hhk 1s00 1jgx 1jgy 1jgz 1jh0 5lse 4h9l 2jiy 2uxl 2uxk 2ux3 4h99 2rcr 5lri 1pyh 1e14 2jj0 2hj6 3du2 1l9j 1l9b 6z5s 6z5r 1ds8 1f6n 1pss 1pst 2uwv 2uww 2uwt 2uwu 2uws 1kby 7c9r 3i4d 4v9g 1jgw 2hh1 1qov,109
C0Q,CN1c2c(cc3cc2OCCOCC4CNCCN4c5ncc(c(n5)N3)Cl)CCC1=O,14,5,6ew8,1
C0T,CC1C(C(C(C(O1)OC2C#CC=CC#CC3(CC(=O)C(=C2C3=CCSSSC)NC(=O)OC)O)O)O)NO,10,3,3oti 3rsc,2
C2E,c1nc2c(n1C3C(C4C(O3)COP(=O)(OC5C(COP(=O)(O4)O)OC(C5O)n6cnc7c6N=C(NC7=O)N)O)O)N=C(NC2=O)N,12,7,6zxm 4f5d 6hq5 6ih1 6sft 4mdz 3hv8 4hjf 4fok 4foj 6pwk 4etz 3irw 6tj0 3qyy 4f9g 3pju 3pjt 5exx 6gs8 3ign 4rt0 4rt1 4eu0 4euv 5cfp 5cfl 5khd 5xbt 5tzd 5tzg 5tzf 5m1t 5xt3 4urs 4urg 5xql 3q3z 4lj3 2v0n 4zmm 4h54 4dn0 3mxh 5euh 5y4r 4fou 5htl 4emt 3n3t 4yb0 4p00 4p02 5eiy 5idm 2rde 3gg1 3gg0 3tvk 5xly 4rnh 3klo 2l74 4kby 6hbz 3gfx 3gfy 3gfz 3iwn 4oay 4oaz 6a04 5mkg 6qrl 4xrn 5xge 4y9p 5y6f 5y6g 6pfv 6pfj 6ybu 6ybb 1w25 3bre 4f5y 3i5c 3i5a 4ef4 5vx6 5ejl 5ejz 5ej1 5kgo 6rm0 2wb4 6ttr 6tts 4f48 5mf5 4f3h 3mut 3mur 3mum 6s86,105
C2I,c1nc2c(n1C3C(C4C(O3)COP(=O)(OC5C(COP(=O)(O4)O)OC(C5O)n6cnc7c6NC=NC7=O)O)O)NC=NC2=O,12,7,6k6t,1
C2K,c1cc2c(cc1CC(NC(=O)c3ccc(cc3OCCCCO2)C(F)(F)F)C(=O)NC4(CC4)CN)Cl,16,5,6ex8,1
C2W,COc1ccc2c(c1)C(=O)NC(Cc3ccc(c(c3)Cl)OCCCCO2)C(=O)NC4(CC4)C#N,16,5,6exq,1
C2X,COC1C2C(COP(=O)(OCCCCCCONOP(=O)(OC3C(COP(=O)(OC4C(COP(=O)(OC5CN(CC5COP(=O)(O2)O)Cc6c[nH]c7c6ncnc7N)O)OC(C4OC)n8cnc9c8NC(=NC9=O)N)O)OC(C3OC)n2cnc3c2ncnc3N)O)O)OC1n1cnc2c1NC(=NC2=O)N,35,13,3hio 3hiw,2
C3E,c1ccc2c(c1)C(=O)NC(Cc3ccc(c(c3)Cl)OCC=CCO2)C(=O)NC4(CC4)C#N,16,5,6ezp 6exo,2
C3R,CC1CCCC(C(OC(=O)C(C(C=C1)O)O)C(=CC(C)C(=O)C(C)C(CC(=O)O)OC)C)C,12,1,5o22,1
C4Q,c1ccc2c(c1)c(ccn2)CN3CCNCCNCCNCC3,12,3,2loa,1
C7Q,c1ccc2c(c1)CCC=CCOc3ccc(cc3Cl)CC(NC2=O)C(=O)NC4(CC4)C=N,16,5,6ezx,1
C7T,c1cc2c(cc1CC(NC(=O)c3cc(ccc3OCC=CCO2)C4CNC4)C(=O)NC5(CC5)C#N)Cl,16,6,6f06,1
C8L,C1N2C3C4N(C2=O)CN5C6C7N(C5=O)CN8C9C2N(C8=O)CN5C8C%10N(C5=O)CN5C%11C%12N(C5=O)CN5C%13C%14N(C5=O)CN5C%15C%16N(C5=O)CN5C%17C(N1C5=O)N1CN3C(=O)N4CN6C(=O)N7CN9C(=O)N2CN8C(=O)N%10CN%11C(=O)N%12CN%13C(=O)N%14CN%15C(=O)N%16CN%17C1=O,8,24,5n10,1
C8R,C1C2C(C(C(O2)n3c4c(nc3N)C(=O)N(C=N4)C5C(C(C(O5)COP(=O)(OP(=O)(O1)O)O)O)O)O)O,18,6,3u4h,1
CAI,CC1CC(C(C(C(CC(=O)OC(CC2C(O2)C=CC1=O)C)OC(=O)C)OC)OC3C(C(C(C(O3)C)OC4CC(C(C(O4)C)OC(=O)CC(C)C)(C)O)N(C)C)O)CC=O,16,4,1k8a,1
CDI,CC1(C(COP(=O)(OP(=O)(O1)O)O)O)CO,8,1,1h48 1jy8 4s38 1knj 4g9p,5
CFM,S1[Fe]2[S]3[Fe]4S[Fe]5[S]6[Fe]1[S]7[Mo]6[S]5[Fe]7S[Fe]8[S]2[Fe]3[S]48,8,9,1m34 1n2c 1g20 1g21 2min 1mio 1fp4 1qh8 1qh1 1m1y 1qgu 1h1l 3min,13
CGM,CCC1C(C=C(C=CC(=O)C(CC(C(C(C(CC(=O)O1)O)C)OC2C(C(C(C(O2)C)O)N(C)C)O)CC=O)C)C)C,16,2,6b11,1
CGR,C1C2C(C(C(O2)N3CN(C4C(C(C(O4)COP(=O)(OP(=O)(O1)O)O)O)O)C5=C3C(=O)NC(=N5)N)O)O,16,5,2o3t 3zwn,2
CHR,Cc1cc(cc2c1ccc(c2C(=O)OC3C=C4C#CC5(C(O5)C#CC=C4C3OC6C(C(C(C(O6)C)O)O)NC)C7COC(=O)O7)O)OC,9,7,1o5p 1nco,2
CLJ,Cc1c(c(c(c(c1I)OC2C(C(C(C(O2)C)O)OC)O)OC)OC)C(=O)SC3C(OC(CC3O)ONC4C(OC(C(C4O)O)OC5C#CC=CC#CC6(CC(=O)C(=C5C6=CCSSSC)NC(=O)OC)O)C)C,10,6,3oth,1
CM1,CC1CC(NC2CCCCN(C2=O)O[Fe]34Oc5ccccc5C6=NC(CO6)C(=O)NC(CCCCN(O3)C(O4)C=CCCCCCCC(=O)O)C(=O)O1)O,18,6,1x89,1
CM2,c1ccc2c(c1)C3NC(CO3)C(=O)NC4CCCCN5C(O[Fe](O2)(O5)ON6CCCCC(C6=O)NC(=O)CCOC4=O)C=CCCCCCCC(=O)O,18,6,1x8u,1
CNY,C1C(C(C2C(C1N)OC3C(C(C(C(O3)CN)O)O)NCC4C(C(C(O4)O2)O)OC5C(C(C(C(O5)CN)O)O)N)O)N,11,5,1zz5,1
COJ,CC1=C2C(C(C(N2)(C3C(C(C(=N3)C(=C4C(C(C(=N4)C=C5C(C(C1=N5)(C)CC(=O)O)CCC(=O)O)(C)C)CCC(=O)O)C)(C)CCC(=O)O)CC(=O)O)C)(C)CC(=O)O)CCC(=O)O,15,5,1i1h,1
CP3,Cc1c2[nH]c(c1CCC(=O)O)Cc3c(c(c([nH]3)Cc4c(c(c([nH]4)Cc5c(c(c([nH]5)C2)C)CCC(=O)O)CCC(=O)O)C)CCC(=O)O)C,16,5,2q71 1r3t 1r3w 1r3y,4
CRE,CC1=CCCC(=CCC(CC1)C(=C)C)C,10,1,5ik6,1
CTA,c1ccc(cc1)CC2C(=O)NC(C=CC(=O)NCC(C(=O)N3CCCC3C(=O)NC(C(=O)C(=O)N2)CCCNC(=N)N)NC=O)Cc4ccc(cc4)O,19,4,1tyn,1
CTY,CCC1C(C(C(C(=O)C(CC(C(C(C(C(C(=O)O1)C)OC2CC(C(C(O2)C)O)(C)OC)C)OC3C(C(CC(O3)C)N(C)C)O)(C)OC)C)C)O)(C)O,14,3,1j5a 5igj 5igw 6u18,4
CU9,C[N+]1(CCc2cc(c3cc2C1Cc4ccc(cc4)Oc5c6c(cc(c5OC)OC)CC[N+](C6Cc7ccc(c(c7)O3)OC)(C)C)OC)C,18,8,3peo,1
CV1,c1nc2c3c([n+]1C4C(C(C(O4)COP(=O)(OP(=O)(OCC5C(C(C(n2c(n3)Br)O5)O)O)O)O)O)O)N,18,6,6puu 3zwy,2
CV9,CC1C=CC=CC=CC(CC(C(c2nc(co2)C=CC=CC(C(C=C(C=CC=CC=CC(=O)OC1C(C)C(CC(C)O)O)C)C)OC3C(C(C(C(O3)C)O)OC)OC)C)OC)O,31,3,6qri,1
CVR,c1nc2c3n1C4C(C(C(O4)COP(=O)(OP(=O)(OCC5CC(C(C5O)O)N(C2=N)C=N3)O)O)O)O,18,6,3u4i,1
CW1,CC1C2CCC(C2=CC3(CCC(=C3C(C1O)OC4C(C5C6(C(O4)COC)OC(O5)C(O6)(C)CCOC=O)O)C(C)C)C)(COC)O,8,6,3e6y,1
CW7,CC(C)C1=C2C(C(C(=C)C3CCC(C3CC2(CC1)C)(COC)O)O)OC4C(C5C6(C(O4)COC)OC(O5)C(O6)(C)C7CO7)O,8,7,3smk,1
CX7,CC1C2CCC(C2=CC3(CCC(=C3C(C1O)O)C(C)C)C)(COC)O,8,3,3sp5,1
CXR,c1nc2c3n1C4C(C(C(O4)COP(=O)(OP(=O)(OCC5C(C(C(O5)N(C2=N)C=N3)O)O)O)O)O)O,18,6,2o3q 2o3r 2o3s 3zwm,4
CY9,CC1CC=CC2C(C(=C)C(C3C2(C(C=CC(C1=O)(C)O)OC(=O)C)C(=O)NC3Cc4ccccc4)C)O,11,4,3eks 3eku,2
CYE,Cn1cc2cc1C(=O)NCCCC(=O)NC3=C[NH+](C(=C3)C(=O)Nc4cc(n(c4)C)C(=O)Nc5cc(n(c5)CCCN)C(=O)NCCCC(=O)Nc6cn(c(n6)C(=O)Nc7cc(n(c7)C)C(=O)N2)C)C,40,7,1pqq,1
CZD,Cc1c(cnc(n1)c2ccc(cc2)C(C)(C)C)C(=O)NC(CCN)C(=O)N(C)C3c4ccc(c(c4)-c5cc(ccc5OCCN)CC(NC(=O)C(NC3=O)C)C(=O)NCC=N)OCCN,14,5,6b88,1
D1S,CC1CC(C(C(C=C(C(C(C=CC=C(C(=O)NC2=CC(=O)C(=C(C1)C2=O)NCCCN(C)C)C)OC)OC(=O)N)C)C)O)OC,19,2,3q5j,1
D77,CC(C(C(=O)OC)O)(C12C3C#CC=CC#CC(C1(O2)c4cc(c5c(c4N3)C(=O)c6c(ccc(c6O)O)C5=O)O)O)O,10,6,6bbx,1
D8E,Cc1cc(no1)C(=O)NC2CCCCN(C(=O)CCC(NC(=O)C(NC2=O)Cc3ccc(cc3)F)CO)C,15,3,6ffs,1
D8K,Cc1cc(no1)C(=O)NC2CNC(=O)C3CCCN3C(=O)CCC(NC(=O)C(NC2=O)Cc4ccc(cc4)F)CO,15,4,6ffn,1
D8P,Cc1ccc2c(n1)N(C(CCNC2)CO)C,8,2,5qbi,1
D9F,CC1CCCC=CC=CC(CC(CC=CC=CC(CC=CC=CC(=O)O1)O)O)O,24,1,6kjq 6kjp,2
D9O,CC1CCCC=CC=CC(CC(CC=CC=CC(CC=CC=CC(=O)O1)OC(=O)CCC(=O)O)O)O,24,1,6kjr,1
D9U,c1cc2ccc1CC(=O)NC(C(=O)NC(C(=O)NCCCCC(C(=O)NCCCC(=O)NC2)NC(=N)N)CCCCN)CCCCN,26,3,6kk2,1
DB5,C1CCc2c(nn[nH]2)C(CC1)OC(=O)O,8,2,5nhn 5ni3,2
DE0,c1cc2cc(c1)CNC(=O)CCNC(=O)C(CCCCNC(=O)C(NC(=O)C(NC(=O)C2)CCCCN)CCCCN)NC(=N)N,24,2,6kk4,1
DE6,CC1C(=O)NCc2cccc(c2)CC(=O)NC(C(=O)NC(C(=O)NCCCCC(C(=O)N1)NC(=N)N)CCCCN)CCCCN,23,2,6kk5,1
DE9,Cc1cc2cc3nc(cc4c(c(c([nH]4)cc5nc(cc1[nH]2)C(=C5CCC(=O)O)C)CCC(=O)O)C)C=C3C,16,5,4xkb,1
DEB,CCC1C(C(C(C(=O)C(CC(C(C(C(C(C(=O)O1)C)O)C)O)C)C)C)O)C,14,1,1z8o 1z8q 1z8p 1oxa 5mnv 5mns 6zi3 1jio,8
DI0,CCC1C(C2C(C(C(CC(C(C(C(C(C(=O)O1)C)OC3CC(C(C(O3)C)O)(C)OC)C)OC4C(C(CC(O4)C)N(C)C)O)(C)O)C)NC(O2)COCCOC)C)(C)O,14,4,6xza 6xzb 6xz7,3
DKN,CC=CC(C(C)(C1CC=CC=CC=Cc2nc(co2)C(=O)OC(CC=CC=CC=Cc3nc(co3)C(=O)O1)C(C)(C(C=CC)O)C(=O)OC)C(=O)OC)O,26,3,6fjm,1
DO3,CC(CN1CCN(CCN(CCN(CC1)CC(=O)O)CC(=O)O)CC(=O)O)O,12,1,1h87 4x8i 6rq7 4tws 4n5r 5npl 5c6j 5c6i 6yxf 5oer 2qmi 5c6l 6sr5 6sr4 6sr3 6sr2 6sr1 6sr0,18
DOE,c1cc(ccc1CC2CN(CCN(CCN(CCN2CC(=O)O)CC(=O)O)CC(=O)O)CC(=O)O)NC(=O)CSCCO,12,2,1nc2,1
DOF,c1cc(ccc1CC2CN(CCN(CCN(CCN2CC(=O)O)CC(=O)O)CC(=O)O)CC(=O)O)[N+](=O)[O-],12,2,1nc4,1
DOL,CCN(CC)CCS(=O)(=O)C1CCN2C1C(=O)OC(C(C=CC(=O)NCC=CC(=CC(CC(=O)Cc3nc(co3)C2=O)O)C)C)C(C)C,23,3,2z2p 6zse 6zsd 6zsg 6zsa 6zsc 6zsb 1mrl 4u26 4u24 1sm1 6zs9,12
DRR,CCC(C)C1C(=O)NCCCOc2ccc(cc2)CC(C(=O)N1)NC(=O)C3Cc4ccc(cc4)OCCCCC(=O)NC(C(=O)N3)C(C)C,16,6,3bxr,1
DRS,CC(C)C1C(=O)NC(Cc2ccc(cc2)OCCCCC(=O)N1)C(=O)O,16,3,3bxs,1
DT0,c1cc2cc(c1)CNC(=O)CCCNC(=O)C(CCCCNC(=O)C(NC(=O)C(NC(=O)C2)CCCCN)CCCCN)NC(=N)N,25,2,6kpq,1
DTF,c1ccc2c(c1)cccc2CC3CC=CC(CC(=O)NC4(CCCCC4)C(=O)NC(C(=O)NC3)CC(=O)N)c5ccc(cc5)CP(=O)(O)O,15,5,1x0n,1
DUU,c1cc2ccc1CC(=O)NC(C(=O)NC(C(=O)NCCCCC(C(=O)NCCCC(=O)NC2)NC(=N)N)CCCCN)CCCCN,26,3,6kk3,1
DV0,CC1C(=O)NCc2cccc(c2)CC(=O)NC(C(=O)NC(C(=O)NCCCCC(C(=O)N1)NC(=N)N)CCCCN)CCCCN,23,2,6kk6,1
DW4,c1ccc(cc1)COC(=O)NC2Cc3cn(nn3)CCNC(=O)CCC(NC(=O)C(NC2=O)CC4CCCCC4)CO,17,4,6bid,1
DW7,c1ccc(cc1)COC(=O)NC2Cc3cn(nn3)CCCNC(=O)CCC(NC(=O)C(NC2=O)CC4CCCCC4)CO,18,4,6bib,1
E21,CCC1C=CC=CCC(C(C(C(=O)C(C(C(C(=O)C(C(C(C=CC(=O)OC2C(C(CC1O)OC3(C2C)CCC(C(O3)CC(C)O)C)C)C)O)C)C)O)C)(C)O)O)C,26,3,5bqj,1
E26,CCNc1cc2c(c(c1)O)C(=O)OC(C(C=CC(=O)C(C(CC=C2)O)O)C)C,14,2,6i1s,1
E4A,CC(C)c1cccc(c1)C2(CC2)NCC(C3Cc4cccc(c4)OCCCCNc5cc(cc(c5)C(=O)C)C(=O)N3)O,16,5,5qco,1
E4G,CC(C)c1cccc(c1)CNCC(C2Cc3cccc(c3)OCCCCOc4cc(cc(c4)OCC(=O)C)C(=O)N2)O,16,4,5qcp,1
E4H,CCC1C(C=CC(=O)C(CC(C(C(C(=O)O1)C)O)C)C)C,12,1,2hfk,1
E4W,Cc1c-2c(nn1C)CSCc3cc(n(n3)C)CSc4cc5ccccc5c(c4)OCCCc6c7ccc(c2c7n(c6C(=O)O)C)Cl,21,7,6fs0,1
E4Y,CCCCNC(=O)C(C)CC(C1CC(CCCCCN(C(=O)c2cc(cc(c2)OCC)C(=O)N1)CC)C)O,15,2,5qct,1
E51,CCCCNC(=O)C(C)CC(C1CC(CCc2cccc(c2)CS(=O)(=O)CC(C(=O)N1)C)C)O,14,2,5qcu,1
E53,CC1CCC2CC(C(=CC=CC=CC(CC(C(=O)C(C(C(=CC(C(=O)CC(OC(=O)C3CCCCN3C(=O)C(=O)C1(O2)O)C(C)CC4CCC(C(C4)OC)OCCO)C)C)O)OC)C)C)C)OC,29,4,6l3a,1
E5A,CC1C(=O)NC(Cc2cccc(c2)OCCCCCC(=O)N1C)C(CNCc3cccc(c3)C(C)C)O,16,3,5qcv,1
E5D,CCN1CCCCCC(CC(NC(=O)c2cccc(c2)C1=O)C(CNCc3cccc(c3)C(C)C)O)C,15,3,5qcx,1
E5P,CC1CCCCCN(C(=O)c2cc(cc(c2)C(=O)NC(C1)C(CNCc3cccc(c3)C(C)C)O)c4ncco4)C(C)c5ccccc5,15,5,5qcy,1
E5V,COCc1cc2cc(c1)NCCCCOc3cccc(c3)CC(NC2=O)C(C4COC(CN4)COC)O,16,4,5qcz,1
E5Y,CCCc1cc(n[nH]1)CNCC(C2CC(CCCCCCOCC(=O)N(C(C(=O)N2)C)C)C)O,16,2,5qd0,1
E61,CC1CCOCCCCNc2cc(cc(c2)C(=O)NC(C1)C(CNCc3cccc(c3)C(C)C)O)COC,16,3,5qd1,1
E62,CC1CCC(=O)C(C(CC=Cc2cc(cc(c2C(=O)OC1C)O)NC)O)O,14,2,5hze,1
E6J,CC(C)c1cccc(c1)CNCC(C2Cc3cccc(c3)OCCCCOc4cc(cc(c4)C(=O)N2)COC)O,16,4,5qd2,1
E6M,CC1CCCCCCCNc2cc(cc(c2)C(=O)NC(C1)C(CNCc3cccc(c3)C(C)C)O)COC,16,3,5qd3,1
E6P,CC1CCOCCCCNc2cc(cc(n2)Cl)C(=O)NC(C1)C(CNCc3cccc(c3)C(C)C)O,16,3,5qd5,1
E6S,CC1CCCCCCCCC(=O)N(C(C(=O)NC(C1)C(CNCc2cccc(c2)C(C)C)(O)O)C)C,16,2,5qd6,1
E6V,CC1CCCCCCCCC(=O)N(C(C(=O)NC(C1)C(CNC2CC(Oc3c2cc(cc3)C(C)C)(C)C)O)C)C,16,3,5qd8,1
E6Y,CC1CCCCCCOCC(=O)N(C(C(=O)NC(C1)C(CNC2(CC2)c3cccc(c3)C(C)(C)C)O)C)C,16,3,5qd9,1
E74,CC(C)c1cccc(c1)CNCC(C2Cc3cccc(c3)CCCCNc4cc(cc(n4)OC)C(=O)N2)O,15,4,5qda,1
E77,CN(C)C(=O)c1cc2cc(c1)OCCCCOc3cccc(c3)CC(NC2=O)C(CO)O,16,3,5qdc,1
E7A,CC1CCCCCCCOc2cc(cc(c2)C(=O)N(C)C)C(=O)NC(C1)C(CO)O,16,2,5qdd,1
EB4,c1cc(c(c(c1)O)O)C(=O)NC2COC(=O)C(COC(=O)C(COC2=O)NC(=O)c3cccc(c3O)O)NC(=O)c4cccc(c4O)O,12,4,6i2j 2kt4 3tlk 6gi1 4zfx 2lbv 6r1f 6q5e 3cmp 2xuz,10
EBU,c1ccc(cc1)CC(C(=O)NC2Cc3cn(c4c3cccc4)CCCCC5(CCCN5C(=O)C(NC2=O)CCCNC(=N)N)C(=O)NC(Cc6c[nH]c7c6cccc7)C(=O)O)N,15,7,5mwj,1
EF4,CCC1CCC2C(C(C(C3(O2)CCC(C(O3)CC(C)O)C)C)OC(=O)C=CC(C(C(C(=O)C(C(C(C(=O)C(C(C(CC=CC=C1)C)O)C)C)O)C)C)O)C)C,26,3,5bqa,1
EFB,CCC1CCC2C(C(C(C3(O2)C(=O)CC(C(O3)CC(C)O)C)C)OC(=O)C=CC(C(C(C(=O)C(C(C(C(=O)C(C(C(CC=CC=C1)C)O)(C)O)C)O)C)C)O)C)C,26,3,5bq6,1
EFO,CCC1CCC2C(C(C(C3(O2)CCC(C(O3)CC(C)O)C)C)OC(=O)C=CC(C(C(C(=O)C(C(C(C(=O)C(C(C(CC=CC=C1)C)O)(C)O)C)O)C)C)O)C)C,26,3,4f4s 3wgv 5bps 4wq0 6cp5,5
EGF,Cc1cc(no1)C(=O)NC(C(C)C)C(=O)NC2C(OCCC=CCOC(=O)C=CC(NC2=O)CC3CCNC3=O)c4ccccc4,15,4,6lka,1
EM1,CCC1C2(C(C(C(=O)C(CC(C(C(C(=O)C(C(=O)O1)(C)F)C)OC3C(C(CC(O3)C)N(C)C)O)(C)OC)C)C)N(C(=O)O2)CCCCn4cc(nn4)c5cccc(c5)N)C,14,5,4www,1
EMK,CCC1C(C(C(N(CC(CC(C(C(C(C(C(=O)O1)C)OC2CC(C(C(O2)C)O)(C)OC)C)OC3C(C(CC(O3)C)N(C)CCCc4cn(nn4)C(CF)C(c5ccc(cc5)S(=O)(=O)C)O)O)(C)O)C)C)C)O)(C)O,15,5,3ow2,1
EN3,c1cc2cc(c1)OCCC=CCCOc3cccc(c3)CC(=O)Nc4nnc(s4)CCCCc5ccc(nn5)NC(=O)C2,31,6,6lox,1
ENE,C1C=CCOC2C1OC3CC4C(C=CC5C(O4)CC=CC(C(O5)CO)O)OC3C2O,8,5,2z92,1
EP,Cc1nc(cs1)C=C(C)C2CC3C(O3)CCCC(C(C(C(=O)C(C(CC(=O)O2)O)(C)C)C)O)C,16,3,4o4l 1tvk 4i50 4o4i 5w3h,5
EPB,Cc1nc(cs1)C=C(C)C2CC3C(O3)(CCCC(C(C(C(=O)C(C(CC(=O)O2)O)(C)C)C)O)C)C,16,3,5mlv 1q5d 7dae 6s8m,4
EPD,Cc1nc(cs1)C=C(C)C2CC=C(CCCC(C(C(C(=O)C(C(CC(=O)O2)O)(C)C)C)O)C)C,16,2,1pkf 7dad,2
ER5,c1cc(ccc1CCSc2c(c(c(c(c2F)F)S(=O)(=O)N)NC3CCCCCCCCCCC3)F)C(=O)O,12,3,6g98,1
ERB,CCC1C(C(C(C(=O)C(CC(C(C(C(C(C(=O)O1)C)OC2CC(C(C(O2)C)O)(C)OC)C)OC3C(C(CC(O3)C)N(C)C)O)(C)O)C)C)O)C,14,3,3zkp,1
ERN,CCC1C(C(C(C(C(CC(C(C(C(C(C(=O)O1)C)OC2CC(C(C(O2)C)O)(C)OC)C)OC3C(C(CC(O3)C)N(C)C)O)(C)O)C)N)C)O)(C)O,14,3,2o43,1
ERY,CCC1C(C(C(C(=O)C(CC(C(C(C(C(C(=O)O1)C)OC2CC(C(C(O2)C)O)(C)OC)C)OC3C(C(CC(O3)C)N(C)C)O)(C)O)C)C)O)(C)O,14,3,5igp 4zjl 4zjo 4zjq 1jzy 3j7z 5igy 5igt 4m83 1yi2 3j5l 5jte 2j0d 5ju8 2iyf 4wfn 3aoc 5yk2 6s0x 6s0z 4v7x 4v7u 6vkt 3frq 5iwu 5ih0,26
ETK,c1cc(ccc1CCSc2c(c(c(c(c2F)F)S(=O)(=O)N)NC3CCCCCCC3)F)C(=O)O,8,3,6g9u,1
EVB,c1c(cc2c(c1Cc3cc(cc(c3O)Cc4cc(cc(c4O)Cc5cc(cc(c5O)Cc6cc(cc(c6O)Cc7cc(cc(c7O)Cc8cc(cc(c8O)Cc9cc(cc(c9O)C2)S(=O)(=O)O)S(=O)(=O)O)S(=O)(=O)O)S(=O)(=O)O)S(=O)(=O)O)S(=O)(=O)O)S(=O)(=O)O)O)S(=O)(=O)O,32,9,6rsi 6rsk 6rsj 7alf 7alg 7bad 6sth 6gd6 6gd8 6y0j 6haj 6rsl 6z62 6z60 6gd7 6gd9 6gda 6z5q 6z5p 6z5w 6z5z 6z5x 6z5g 6z5m,24
EXW,CC1=CCCC(=C(CC2(CCC(C2CC1)C(=C)C)C)F)C,11,2,6ggi,1
EY5,CCC1C(C(C(C(=O)C(CC(C(C(C(C(C(=O)O1)C)OC2CC(C(C(O2)C)O)(C)O)C)OC3C(C(CC(O3)C)N(C)C)O)(C)O)C)C)O)C,14,3,2jjo,1
EYO,C1COCCOCCOCCOCCO1,15,1,6lzx,1
EZ5,CC1C2CCC(C2=CC3(C(CC(=C3C(C1O)OC4C(C(C(C(O4)COC(C)(C)C=C)O)O)O)C(C)CNC(=O)C)O)C)COC,8,4,6ghp,1
EZA,CCCCC=CC(=O)NC(Cc1cc(cc(c1)F)F)C(=O)NC2COC(=O)C3CC(CN3C(=O)C(NC(=O)C4CCCCN4C(=O)C5CCCN5C2=O)C)C,16,5,6cfd,1
F0E,c1cnc(nc1)c2ccc(cc2)N3CCN(CC3)C(=O)CN4CCC(C4)C(=O)Nc5ccc6c(c5)c(n[nH]6)c7ccnc(c7)C(=O)NCCCNC(=O)OC8CCCCCCC8,8,8,6gjd,1
F0H,c1cc(c(cc1C(CO)N2C=CC(=CC2=O)c3ccnc(n3)Nc4ccnc(c4)C#CCCNC(=O)OC5CCCC=CCC5)F)Cl,8,5,6gjb,1
F4O,Cc1c2c(c3c(c1OC(=O)C)c(c(c(c3O)C)OC)C(=O)C(=CC(C(C(C(C(C(C(C(C(C=CC=C(C(=O)N2)C)C)O)C)O)C(=O)OC)O)C)O)(C)O)C)O,23,4,6m4p,1
F5S,CC1CC2C(O2)C=CC=CC(=NOCc3ccc(cc3)OC)Cc4cc(cc(c4C(=O)O1)O)O,14,4,6cjp,1
F8Z,CC1CN(C(=O)c2cc(ccc2OC1CN(C)Cc3ccc4c(c3)OCO4)NC(=O)Nc5ccc(cc5)OC)C(C)CO,8,5,6gr8 6gra,2
F9K,CN1CCCC(C1=O)C(=O)NC2CCCCCCCNc3ccc(cc3S(=O)(=O)NC(=O)C4(CC4C=C)NC(=O)C5CC(CN5C2=O)OC(=O)N6Cc7cccc(c7C6)F)F,20,7,4a92,1
FB,CC(CO)(C(C12C(=O)NC(C(=CC=O)CCO1)(C(=O)N2)O)O)O,8,3,1xpr,1
FB9,COCC1C(C2N1CC(C(CN(C2)C(=O)Nc3ccc(cc3)OC4CC4)O)O)c5ccc(cc5)C#Cc6ccccc6,8,6,7by6,1
FC7,CC1C2CCC(C2=CC3(C4C(CCO4)C(=C3C(C1O)OC5C(C(C6C(O5)COC(O6)(C)C)O)O)C(C)C)C)COC,8,6,3smn 3spr,2
FEZ,CC1=CCCC(C=CC(C(C1)OC(=O)c2ccc(cc2)O)C(C)C)(C)O,10,2,5ick,1
FI8,CCc1c(c(c(c(c1Cl)O)Cl)O)C(=O)OC2C(OC(C(C2O)OC)OCC3=CC=CCC(C(=CC(C(C(=CC(=CCC(OC3=O)C(C)O)C)C)OC4C(C(C(C(O4)(C)C)OC(=O)C(C)C)O)O)CC)C)O)C,18,4,6fbv 6bzo 6c06,3
FJA,CC1C2CCC(C2=CC3(C(CC(=C3C(C1O)O)C(C)C)O)C)COC,8,3,3smm 3smo,2
FK5,CC1CC(C2C(CC(C(O2)(C(=O)C(=O)N3CCCCC3C(=O)OC(C(C(CC(=O)C(C=C(C1)C)CC=C)O)C)C(=CC4CCC(C(C4)OC)O)C)O)C)OC)OC,21,4,1bkf 3uqb 3uqa 3ihz 4lax 4nnr 3o5r 4odr 4odo 5hw8 5hwc 4dz2 4dz3 1q6i 2vn1 5d75 5hua 3vaw 6vrx 1tco 6tz8 6tz6 6tz7 3uf8 1yat 6mke 1fkj 1fkf 5b8i 6j2m 2fke,31
FKA,CC1CC(C2C(CC(C(O2)(C(=O)C(=O)N3CCCCC3C(=O)OC(C(C(CC(=O)C(C=C(C1)C)CCOC(=O)NCc4ccccc4)O)C)C(=CC5CCC(C(C5)OC)O)C)O)C)OC)OC,21,5,1a7x,1
FL5,CCn1c-2c(nn1)-c3ccc(cc3-c4c(nnn4CC)-c5c2cc(cc5)N(C)C)[N+](C)(C)C,8,5,6h22,1
FLI,CCCCCCC1C(CC(CC(CC(CC(CC(CC(C(=CC=CC=CC=CC=CCC(OC1=O)C)C)O)O)O)O)O)O)O,28,1,3aba,1
FNH,CCCC(C(=O)C(=O)NCC(=O)NC(c1ccccc1)C(=O)O)NC(=O)C2Cc3cccc(c3)CCCCCCCC(=O)NC(C(=O)N2)C4CCCCC4,17,4,2a4q,1
FPD,CC(CO)(C(C12C(=O)NC(C(CCO1)CSc3cccc(c3)C=O)(C(=O)N2)O)O)O,8,4,1xpu,1
FSC,CC1C2CCC(C2=CC3(C(CC(=C3C(C1O)OC4C(C(C(C(O4)COC(C)(C)C=C)O)OC(=O)C)O)C(C)COC(=O)C)O)C)COC,8,4,6y4k 3iqv 5d3f 6zfg 5mxo 5nwk 3p1s 3p1q 3p1o 2o98 4jdd 1o9f 1o9e,13
FUQ,O[Mo]1(O[Mo](O[Mo](O[Mo](O[Mo](O1)(O)(O)(O)O)(O)(O)(O)O)(O)(O)(O)O)(O)(O)(O)O)(O)(O)O,10,1,6gx4 6h74 6h73 6h6w 6h8b 6h8h,6
FW1,CC1C2CCC(C2=CC3(C(CC(=C3C(C1O)O)C(C)COC(=O)C)O)C)COC,8,3,3sml,1
FWQ,c1c(cc2c(c1Cc3cc(cc(c3O)Cc4cc(cc(c4O)Cc5cc(cc(c5O)Cc6cc(cc(c6O)Cc7cc(cc(c7O)C2)S(=O)(=O)[O-])S(=O)(=O)[O-])S(=O)(=O)[O-])S(=O)(=O)[O-])S(=O)(=O)[O-])O)S(=O)(=O)[O-],24,7,6rgi 6hah,2
G19,CC1C=CC23CC(C(=O)C2C1(C(CC(C(C3C)O)(C)C=C)OC(=O)NC(=O)c4ccc(nn4)N)C)O,8,4,2ogm,1
G34,CC1CCC23CCC(=O)C2C1(C(CC(C(C3C)O)(C)C=C)OC(=O)CSC4CC5CCC(C4)N5C)C,8,5,2ogo,1
G4B,CCCCCCC=CCC(=O)NC(Cc1ccc(cc1)O)C(=O)NC(C(C)C)C(=O)NC2CCC(=O)NC(C(=O)NC(C(=O)OC2)Cc3ccc(cc3)O)C(C)C,12,3,6hgy,1
G80,CC1CCC23CCC(=O)C2C1(C(CC(C(C3C)O)(C)C=C)OC(=O)CSC4CCNCC4)C,8,4,2ogn,1
GBT,Cc1c2c(cc(n1)N)OCCC=CCCCOc3cc(ccc3Cn4cc(cn4)C(=O)NC2)Cn5cccn5,20,5,5tjx,1
GDM,CC1CC(C(C(C=C(C(C(C=CC=C(C(=O)NC2=CC(=O)C(=C(C1)C2=O)OC)C)OC)OC(=O)N)C)C)O)OC,19,2,1yet 2yga 2ygf 2yge 2weq 1a4h 2exl 2esa 3c11 4xdm,10
GDT,CCCCCCCC=CC=CC(=O)NC(C(C)O)C(=O)NC1CC(CCNC(=O)C=CC(NC1=O)C)O,12,1,3bdm,1
GGF,c1nc2c(n1C3C(C4C(O3)COP(=O)(OC5C(COP(=O)(O4)O)OC(C5F)n6cnc7c6N=C(NC7=O)N)O)F)N=C(NC2=O)N,12,7,6ydb,1
GK7,Cc1c(nc2cc(ccc2n1)OC)OC3CC4C(=O)NC5(CC5C=CCCCCCC(C(=O)N4C3)NC(=O)C(C(C)(C)C)NC(=O)OC)C(=O)NS(=O)(=O)C6(CC6)C,15,6,6diq,1
GKA,Cc1c(nc2cc(ccc2n1)OC)OC3CC4C(=O)NC5(CC5C=CCCCCCC(C(=O)N4C3)NC(=O)C(C(C)(C)C)NC(=O)C)C(=O)NS(=O)(=O)C6(CC6)C,15,6,6div 6dir,2
GKG,Cc1c(nc2cc(ccc2n1)OC)OC3CC4C(=O)NC5(CC5C=CCCCCCC(C(=O)N4C3)NC(=O)OC(C)(C)C(F)(F)F)C(=O)NS(=O)(=O)C6(CC6)C,15,6,6diw 6dis,2
GKJ,CCCCCOC(=O)NC1CCCCCC=CC2CC2(NC(=O)C3CC(CN3C1=O)Oc4c(nc5ccc(cc5n4)OC)C)C(=O)NS(=O)(=O)C6(CC6)C,15,6,6dit,1
GKM,Cc1c(nc2cc(ccc2n1)OC)OC3CC4C(=O)NC5(CC5C=CCCCCCC(C(=O)N4C3)NC(=O)OC6(CCCC6)C)C(=O)NS(=O)(=O)C7(CC7)C,15,7,6diu 6pj1,2
GR6,COc1ccc2c(c1)OCCC=CCCCCN(S2(=O)=O)CC(C(Cc3ccccc3)NC(=O)OC4COC5C4CCO5)O,13,5,3i6o,1
GR7,COc1ccc2c(c1)COCC=CCCCCN(S2(=O)=O)CC(C(Cc3ccccc3)NC(=O)OC4COC5C4CCO5)O,13,5,5wlo,1
GX2,O[Mo]12O[Mo]345O[Mo]6(O3)(O[Mo]78(O1)O[Mo]9(O7)(O[Mo]13(O2)O[Mo](O1)(O4)(O[Mo]124(O[Mo]7(O[Mo]%10(O6)(O[Mo](O8)(O%10)(O[Mo]6(O7)(O9)(O[Mo](O3)(O6)(O1)(O)O)O)(O)O)(O[Mo](O5)(O2)(O4)(O)O)O)O)O)(O)O)(O)O)(O)O,8,30,6h8h,1
GXO,CCC1CC(CCC=CC2CC2(NC(=O)C3CC(CN3C(=O)C1NC(=O)OC(C)(C)C(F)(F)F)Oc4c5cc(c(cc5ccn4)OC)F)C(=O)NS(=O)(=O)C6(CC6)C)C,15,6,7d5l,1
GYN,CC1CC2CCC(C(=CC3C(=C(CCC34CCCN=C4CCC=C(C1O2)C)C5CC(C(=O)O5)C)C)C)O,15,5,2x00,1
GZX,Cc1nc(cs1)C=C(C)C2CC3C(O3)(CCCC(C(C(C(=O)C(C(CC(=O)N2)O)(C)C)C)O)C)C,16,3,7daf,1
H01,Cc1c2[nH]c(c1CCC(=O)O)C=C3C(=C(C(=Cc4c(c(c([nH]4)C=C5C(=C(C(=C2)N5)S(=O)(=O)O)C)S(=O)(=O)O)C)N3)C)CCC(=O)O,16,5,2q2o 2q2n,2
H02,CCc1c(c2[nH]c1C=C3C(=C(C(=Cc4c(c(c([nH]4)C=C5C(=C(C(=C2)N5)C)CCC(=O)O)CCC(=O)O)C)N3C)CC)C)C,16,5,2q3j,1
H11,CCCC1(C(=O)N=C(S1)NC2CCCCCCC2)C,8,2,3byz,1
H7D,C1CCCC(C(CC1)C(=O)O)NS(=O)(=O)N2CCCC2,8,2,6dpz,1
H8Q,CCC1C(=O)N2CCCC2C(=O)N(C(C(=O)N3CC(C(=O)CC3C(=O)NC(C(=O)OC(C(C(=O)N1)NC(=O)c4c(cccn4)O)C)c5ccccc5)CSC6CN7CCC6CC7)Cc8ccc(cc8)N(C)C)C,19,9,6zse 6zsd 6zsg 6zsa 6zsc 6zsb 6i9r 6zs9,8
H8T,CC1C=CC(=O)NCC=CC(=CC(CC(=O)Cc2nc(co2)C(=O)n3cccc3C(=O)OC1C(C)C)O)C,23,3,6i9r,1
HBB,CC(C)CCN(CC(C1Cc2ccc(cc2)OCCCC(=O)NC(C(=O)N1)C(C)C)O)S(=O)(=O)c3ccccc3,15,4,1z1h,1
HBH,CC(C)CCN(CC(C1Cc2ccc(cc2)OCCCC(=O)NC(C(=O)N1)CC(=O)N)O)S(=O)(=O)c3ccccc3,15,4,1z1r,1
HMY,CC1CC=CC(=O)C(C(CC2C(O2)c3cc(cc(c3C(=O)O1)O)OC)O)O,14,3,3c9w,1
HOS,CCC(=C(C(=O)NC(=CC(=O)O)C(=O)O)NC(=O)C1C=CCN1C(=O)C2C(Oc3cc(cc(c3O)Cl)C(C(C(=O)NC(C(=O)N2)C(=C)C)NC)O)(C)CC)C,13,3,3du7,1
HVT,CC(C)C1C(=O)NCCCCCCCCCCCC(=O)NC(C(CC(=O)N1)O)Cc2ccc3ccccc3c2,21,3,6qbg,1
HWE,CC(C)C1C(=O)NCCCCCCCCCCCC(=O)NC(C(CC(=O)N1)O)Cc2ccccc2,21,2,6qcb,1
HY5,CC1C2CCC(C2=CC3(C(CC(=C3C(C1O)OC4C(C(C(C(O4)COC(C)(C)C=C)O)O)O)C(C)CNC(=O)C5CC5)O)C)COC,8,5,6qds 6qdu,2
I21,CC1(Cc2cccc(c2)C=CC(=NC(=O)c3cc(cc(c3)c4ccccc4C#N)COC1=O)c5ccccc5)N,16,5,2qzk,1
I4I,CC1C(C(NC(=O)C(C(OC(=O)C(OC1=O)C(C)C)C)NC(=O)c2c(cccn2)O)Cc3cccnc3)O,12,3,4bgi,1
IB8,CN(C)CCN(C)C1Cn2c3cc(ccc3c(c2-c4ccccc4OC1)C5CCCCC5)C(=O)O,8,5,2xwy,1
ILV,CC(C)C1C(=O)NC(Cc2c[nH]c3c2c(ccc3)N1C)CO,9,3,4yla 4yzl,2
INU,c1ccc(cc1)S(=O)(=O)Nc2cccc(c2)C(C3CC3)C4=C(C5=C(CCCCCC5)OC4=O)O,8,5,7upj,1
IV7,Cc1c-2c(n(n1)C)CN(C(=O)c3ccc(cc3C(Oc4cc2cnc4N)C)F)C,12,4,4cmu,1
IVM,CCC(C)C1C(CCC2(O1)CC3CC(O2)CC=C(C(C(C=CC=C4COC5C4(C(C=C(C5O)C)C(=O)O3)O)C)OC6CC(C(C(O6)C)OC7CC(C(C(O7)C)O)OC)OC)C)C,16,7,3jaf 5vdi 5vdh 6vm3 6vm2 6vm0 3rhw 3rif 3ria 3ri5 4wvd,11
J18,Cc1cccc(c1C)c2ccc(cc2)C3C4CN(CCCCN4C3CO)S(=O)(=O)c5ccccc5C(F)(F)F,8,5,6byz,1
J22,Cc1cccc(c1C)c2ccc(cc2)C3C4CN(CCCCN4C3CO)S(=O)(=O)c5nccn5C,8,5,6mq3 6eds,2
J2A,c1nc(c2c(n1)n(cn2)C3C(C4C(O3)COP(=O)(OC5C(C(COP(=O)(O4)S)OC5n6cnc7c6NC(=NC7=O)N)O)S)O)N,13,7,6ea8,1
J3W,CC(C)C1C(=O)NCC=CCc2ccc(cc2)CC(C(=O)N1)(CCCN(Cc3ccc(cc3)c4cccs4)NC(=O)C(C(C)(C)C)NC(=O)OC)O,15,5,4cpx,1
J48,c1cc2nc3c1ccc(n3)NC(=O)OCCC=CCCOC(=O)Nc4ccc5ccc(nc5n4)C[NH2+]C2,25,5,6qit 6qiq 6qir 6qis,4
J4H,c1cc2nc3c1ccc(n3)NC(=O)OCCCNCCCOC(=O)Nc4ccc5ccc(nc5n4)C[NH2+]C2,26,5,6qiv,1
J7Q,O[Mo]O[Mo]1(O[Mo](O[Mo](O[Mo](O1)([O])([O])([O])O[Mo]([O])([O])([O])[O])([O])([O])([O])[O])([O])([O])([O])O[Mo]([O])([O])[O])[O],8,1,6h8b,1
J99,CC1c2cc(ccc2C(=O)N(Cc3c(c(nn3C)C4CC4)-c5cc(c(nc5)N)O1)C)F,12,5,4ctc,1
JAS,CC1CCC=Cc2nc(co2)-c3nc(co3)-c4nc(co4)C(C(C(=O)CC(CC(CC(=O)OC1CC(C(C)CCC(=O)C(C)C(CC=CN(C)CO)OC)OC)O)O)C)OC,25,4,1qz6,1
JOS,CC1CC(C(C(C(CC(=O)OC(C=CC=CCC1O)C)OC(=O)C)OC)OC2C(C(C(C(O2)C)OC3CC(C(C(O3)C)OC(=O)CC(C)C)(C)O)N(C)C)O)CC=O,16,3,2o44,1
JQV,CC1C(CC=Cc2nc(co2)-c3nc(co3)-c4nc(co4)C(C(C(=O)CC(CC(CC(=O)OC1CC(C(C)CCC(C(C)C(C(C)C=CN(C)C=O)OC(=O)C)OC(=O)C(COC)OC)OC)O)S)C)OC)OC,25,4,6mgo,1
JT8,c1ccc(cc1)CC2C(CC(=O)NC(C(=O)NCCCCCCCCCCCCCC(=O)N2)Cc3ccccn3)O,23,3,6r61,1
JVQ,CCN1Cc2cc3c(cc2NCCC1=O)OCO3,8,3,6r9u 6ra1,2
JZB,c1c(c2c(c(c1O)Cl)CC(=NOCC(=O)N3CCCCC3)C=CCCC=CCCOC2=O)O,14,3,3inw,1
JZC,c1c(cc(c2c1CC(=NOCC(=O)N3CCCCC3)C=CCCC=CCCOC2=O)O)O,14,3,3inx,1
JZH,c1ccc2c(c1)-c3ccnc4c3c(c[nH]4)C(C(=O)N2)c5ccc(cc5)O,8,5,3jy9,1
JZT,CC1(CC(=O)N(C(=O)C1)CC(C(C)(C)C)NC(=O)NC2CCCCCCCCCC(NC(=O)C3C4C(C4(C)C)CN3C2=O)C(C(=O)NCC=C)O)C,16,4,3knx,1
K0X,c1cc(ccc1CNC(=O)c2cnc3nc2NCCCCC(C(=O)NCCCCCCN3)N)F,18,3,5k0x,1
K3G,O=[Mo]123O[Mo]45(=O)O[Mo]6(=O)(O1)O[Mo]78(=O)O[Mo]91(=O)(O6)O[P+]6%10O[Mo]%11%12(=O)(O2)O[Mo](=O)(O3)(O9)O[Mo]2(=O)(O1)O[Mo]1(=O)(O%11)O[Mo](=O)(O4)(O%12)O[Mo](=O)(O6)(O5)(O7)O[Mo](=O)(O%10)(O2)(O1)O8,8,15,4b1a,1
KAB,CC1CC(CC(=O)OC(C(C(CC=Cc2nc(co2)-c3nc(co3)-c4nc(co4)C(C(C(C1)O)C)OC)OC)C)CC(C(C)CCC(=O)C(C)C(C(C)C=CN(C)CO)OC)OC)OC(N)O,25,4,1qz5 2q36 4k41,3
KAR,CCC1(CC2CC(c3c(c4ccccc4[nH]3)CCN(C2)C1)(c5cc6c(cc5OC)N(C7C68CCN9C8C(CC71C(=O)N(C(=O)O1)CCCl)(C=CC9)CC)C)C(=O)OC)O,9,10,1xa5,1
KC1,CCC1=C(c2cc3c(c(c4n3[Mg]n5c(cc1n2)c(c6c5c(c7nc(c4)C(=C7C=CC(=O)O)C)C(C6=O)C(=O)OC)C)C)C=C)C,10,7,6ly5 6l4t 6l4u 6a2w 6jlu,5
KC2,Cc1c2cc3nc(c4c5c(c(c6n5[Mg]n2c(c1C=C)cc7nc(c6)C(=C7C)C=C)C)C(=O)C4C(=O)OC)C(=C3C)C=CC(=O)O,10,7,6a2w 6jlu,2
KJE,CCC1=CC2CC(C3=Nc4ccccc4C3CC[N+](=C1)C2)C(=O)OC,9,4,6rt8,1
KNG,Cc1c(c2c3c(cc(c2O)NC(=O)C(=CCCC(C(C(C(C(C(C(C(C=COC4(C(=O)c3c1O4)C)OC5CC6C(C(O5)C)OCO6)C)OC(=O)C)C)O)C)O)C(C)OC(=O)C(C)(C)CC(=O)O)C)O)O,24,7,6cuu 6cux 6cce 6dcf,4
KNH,CCCC1C(=O)NCC(CC(C(CCC(=CC=CC(CCCC(=O)CCCCC(CC(C(=O)O1)C)C)CC)COC)O)O)O,28,1,6ryp,1
KOS,CC1CC(C(C(C=C(C(C(C=CC=C(C(=O)NC2=CC(=O)C(=C(C1)C2=O)NCCN(C)C)C)OC)OC(=O)N)C)C)O)OC,19,2,1osf,1
KQV,CC(=O)N1CCC2CCC(N2C(=O)C(C1)NC(=O)c3cc4cc(ccc4[nH]3)C(F)(F)P(=O)(O)O)C(=O)NC(CCC(=O)N)C(=O)NC(c5ccccc5)c6ccccc6,8,6,6nuq 6njs,2
KT2,c1cn(c2c1c(ncn2)N)C3C(C4C(O3)COP(=O)(OC5C(C(COP(=O)(O4)O)OC5n6cnc7c6N=C(NC7=O)N)O)O)O,13,7,6s26,1
KT8,c1nc(c2c(n1)n(cn2)C3C(C4C(O3)COP(=O)(OC5C(C(COP(=O)(O4)O)OC5n6cnc7c6N=C(NC7=O)N)O)O)F)N,13,7,6s27,1
KUE,COc1ccc(cc1NC(=O)CC2=NNC(=O)c3c2cccc3)S(=O)(=O)N4CCCCCCC4,8,4,6s43,1
KVC,CC1c2cc(ccc2C(=O)N(Cc3c(n4cc(ccc4n3)C#N)-c5cnc(c(n5)O1)N)C)F,12,5,4ctb,1
KWM,Cc1cc2c(cc1C)N(CNC(=O)NC(=O)CC(CC(N2)O)c3ccccc3)CC(C(C(COP(=O)(O)OP(=O)(O)OCC4C(C(C(O4)n5cnc6c5ncnc6N)O)O)O)O)O,13,6,6nqu,1
KX2,CC1CC(C(C(C=C(C(C(C=CC=C(C(=O)NC2=CC(=O)C(=C(C1)C2=O)NCCN3CCCC3)C)OC)OC(=O)N)C)C)O)OC,19,3,3q5l,1
L2H,Cc1c-2nc(o1)-c3c(oc(n3)C(NC(=O)c4coc(n4)-c5coc(n5)-c6coc(n6)C(NC(=O)c7coc2n7)CCCCN)CCCCN)C,24,7,2mb3,1
L3J,CCCN(c1cc2cc(c1)C(=O)NC(Cc3cccc(c3)CCCC2)CNC(C(C)O)C(=O)N=CC(C)C)S(=O)(=O)C,14,3,6nv7,1
L3M,CCCC(C(C(=O)NCC(C)C)NCC1Cc2cccc(c2)CCCCc3cc(cc(c3)N(CCC)S(=O)(=O)C)C(=O)N1)O,14,3,6nv9 6uj1,2
L3Z,c1ccc2c(c1)-c3cc(ccn3)C(=O)Nc4nc5ccccc5n4CCCCCO2,15,5,6s9d,1
L4J,CCCCC(C(=O)NCC(C)C)NCC1Cc2cccc(c2)CCCCc3cc(cc(c3)N(CCC)S(=O)(=O)C)C(=O)N1,14,3,6nw3,1
L4V,CN1CCCC=CCCCC(=O)Cc2c(c(cc(c2Cl)O)O)C1=O,14,2,4ce3,1
L6G,CC(C)C1C(=O)NC(CC(=O)NCc2nc(cs2)C3=NC(CS3)(C(=O)N1)C)C=CCCS,16,3,4rn0,1
L6H,C1CCC2=C(C1)C=C(C(=O)N2)C(=O)NCC=CC(=O)OCC(=O)NCCCNC(=O)OC3CCCC=CCC3,8,3,6sc7,1
L7G,CC(C)C1C(=O)NC(CC(=O)NCc2cc(ccn2)C3=NC(CS3)(C(=O)N1)C)C=CCCS,16,3,4rn2,1
L86,c1ccc(cc1)CC2CNCCCNCCc3ccccc3CNC(=O)CN4C(=CN=C(C4=O)N2)Cl,19,4,1nm6,1
L8G,CC(C)C1C(=O)NC(CC(=O)NCc2cccc(n2)C3=NC(CS3)(C(=O)N1)C)C=CCCS,16,3,4rn1,1
L9J,CCC1C2CN(C1C(=O)NC3(CC3C(F)F)C(=O)NS(=O)(=O)C4(CC4)C)C(=O)C(NC(=O)OC5CC5CCCCCc6c(nc7cc(ccc7n6)OC)O2)C(C)(C)C,18,7,6nzv,1
L9P,CCC1C2CN(C1C(=O)NC3(CC3C(F)F)C(=O)NS(=O)(=O)C4(CC4)C)C(=O)C(NC(=O)OC5CC5CCCCC(c6c(nc7cc(ccc7n6)OC)O2)(F)F)C(C)(C)C,18,7,6nzt,1
LAB,CC1CCC2CC(CC(O2)(C3CSC(=O)N3)O)OC(=O)C=C(CCC=C1)C,14,3,3mn5 4v0u 2q0u 4b1u 4b1w 4b1v 6gvc 2yje 2yjf 6nbw 6nbe 6w7v 6nas 4b1y 4b1x 2v52 2v51 5zzb 5zza 5yee 7c2f,21
LAR,CC1CCC2CC(CC(O2)(C3CSC(=O)N3)O)OC(=O)C=C(CCC=CC=C1)C,16,3,4gy2 4h0t 4h0v 4h0x 4h0y 4h03 1rfq 3sjh 1ijj 5nbn 1lcu 2a5x 1sqk 1esv 2q31 3buz 1rdw 2q1n,18
LC2,CC1C2CC(C=CC(=CCC(C=CC(=CC(C(C1=O)(C(=O)O2)C)NC(=O)C(=O)C)C)O)C)O,17,3,3jq4 3pip,2
LFE,Cc1c(sc-2c1C(NC(c3n2c(nn3)C)CC(=O)NC4COCCOCCOCC(=O)NC(C(=O)N5CC(CC5C(=O)NCc6ccc(cc6OCCOCCOC4)c7c(ncs7)C)O)C(C)(C)C)c8ccc(cc8)Cl)C,29,8,6sis,1
LLJ,c1cc2cc3c1ccc(c3)C[NH2+]CCOCC[NH2+]Cc4ccc5ccc(cc5c4)C[NH2+]CCOCC[NH2+]C2,28,5,2llj,1
LLM,CC1CC2CC=CC(O2)CC=CC(=O)OC(CC3C(O3)C(CC(=C)C1)O)C(C=CC4CC(=CCO4)C)O,18,4,4o4i 4o4h,2
LMA,CC1CC(C(C(O1)OC2C(CC(C(=O)C(C(C(C(OC(=O)C(C(C2C)OC3CC(C(C(O3)C)OC(=O)C)(C)OC)C)C(C)C(C)O)C)OC(=O)C)C)(C)O)C)C)OC,14,3,3pio 3pip,2
LO3,CC1CC(CC(O1)CCC(C)C(C(C)C2C(C(CC(C3(CO3)C(CC4CC=CC(O4)CC(C(C=C(C=CC(=O)O2)C)O)OC)OC)OC)OC)C)O)OC,20,4,3m6g,1
LVT,c1c(cc2c(c1Cc3cc(cc(c3OCC(=O)O)Cc4cc(cc(c4OCC(=O)O)Cc5cc(cc(c5OCC(=O)O)C2)S(=O)(=O)O)S(=O)(=O)O)S(=O)(=O)O)OCC(=O)O)S(=O)(=O)O,16,5,6suy,1
LY4,CN(C)CC1CCn2cc(c3c2cccc3)C4=C(c5cn(c6c5cccc6)CCO1)C(=O)NC4=O,14,6,2j2i 1uu3,2
LZY,CN1Cc2cc(ccc2NCCC1=O)F,8,2,5qqb,1
M1S,c1c(c2c(c(c1O)Cl)CC(=O)CCCCCC=CCCOC2=O)O,15,2,2iwx,1
M4Y,CC1=CCCC2(C(O2)C3C(CC1)C(=C)C(=O)O3)C,10,3,6och,1
M6A,CCC1C(C2C(C(C(CC(C(C(C(C(C(=O)O1)C)OC(=O)NCCNC(=N)NC(=O)NC)C)OCC#C)(C)O)C)OC(O2)(C)C)C)(C)O,14,2,4z2h,1
M6B,CCC1C(C2C(C(C(CC(C(C(C(C(C(=O)O1)C)OC(=O)NCCCNC(=N)NC(=O)NC)C)OCC#C)(C)O)C)OC(O2)(C)C)C)(C)O,14,2,4z2i,1
M6E,CCC1C(C2C(C(C(CC(C(C(C(C(C(=O)O1)C)OC(=O)NCCCCCCCNC(=N)NC(=O)NC)C)OCC#C)(C)O)C)OC(O2)(C)C)C)(C)O,14,2,4z2k,1
M6F,CCC1C(C(C(C(C(CC(C(C(C(C(C(=O)O1)C)OC(=O)NCCCNC(=N)NC(=O)NC)C)OCC#C)(C)O)C)O)C)O)(C)O,14,1,4z2l,1
M6G,CCC1C(C2C(C(C(CC(C(C(C(C(C(=O)O1)C)OC(=O)NCCCCCNC(=N)NC(=O)NC)C)OCC#C)(C)O)C)OC(O2)(C)C)C)(C)O,14,2,4z2j,1
M6V,CCC1C(C2C(C(C(CC(C(C(C(C(C(=O)O1)C)OC(=O)NCCCCNC(=N)NC(=O)NC)C)OCC#C)(C)O)C)OC(O2)(C)C)C)(C)O,14,2,4z2g,1
M8B,CC(C)(C)C1C(=O)NCC=CCc2ccc(cc2)CC(C(=O)N1)(CCCN(Cc3ccc(cc3)Br)NC(=O)C(C(C)(C)C)NC(=O)OC)O,15,4,3zpu,1
M8Y,CC(C)C1C(=O)NCC=CCc2ccc(cc2)CC(C(=O)N1)(CCCN(Cc3ccc(cc3)Br)NC(=O)C(C(C)(C)C)NC(=O)OC)O,15,4,3zpt,1
MIV,CCC1C(C=CC=CC(=O)C(CC(C(C(C=CC(=O)O1)C)OC2C(C(CC(O2)C)N(C)C)O)C)C)COC3C(C(C(C(O3)C)O)OC)OC,16,3,3zsn 2y98 5uhu 2y46 4x7v,5
MMI,CC(C)CC(C(CC(C)C(=O)NC(C(C)C)C(=O)NCc1ccccc1)O)NC(=O)C2CC(=O)NCCCCCCOC(=O)NC(C(=O)N2)C(C)C,16,2,1xs7,1
MMP,CCc1c(c2cc3nc(cc4c(c(c([nH]4)cc5nc(cc1n2C)C(=C5CC)C)C)CCC(=O)O)C(=C3C)CCC(=O)O)C,16,5,1ngw 6pnk 6p45 4fxm 1n7m 4g0f 3fct 1c1h,8
MQH,CC1CCN2C1C(=O)NC(C(=O)NC(C(=NC(C(=O)NC(C(C)c3ccccc3)C(=O)NC(CC(=O)OC)c4nccs4)C(C)(C)C)NCC2=O)C(C)(C)C)C(C)C,12,4,6t6y,1
MQW,CC(C)C1C(=O)NC(C(=NCC(=O)N2CCCC2C(=O)N1)NC(C(C)C)C(=O)NC(Cc3ccccc3)C(=O)NC(CC(=O)O)C4=NC(CS4)C(=O)O)C(C)C,12,4,6t6x,1
MQZ,CC1CCN2C1C(=O)NC(C(=O)NC(C(=NC(C(=O)NC(C(C)c3ccccc3)C(=O)NC(CC(=O)OC)c4nccs4)C(C)(C)C)NCC2=O)C(C)(C)C)CCS(=O)C,12,4,6t70,1
MR8,CC1CCC2CC(C(=CC=CC=CC(CC(C(=O)C(C(C(=CC(C(=O)CC(OC(=O)C3CCCCN3C(=O)C(=O)C1(O2)O)C(C)CC4CCC(C(C4)OC)O)C)C)OC)OC)C)C)C)OC,29,4,4dh0,1
MRB,CC1CCN2C1C(=O)NC(C(=O)NC(C(=NC(C(=O)NC(C(C)c3ccccc3)C(=O)NC(CC(=O)OC)c4nccs4)C(C)(C)C)NCC2=O)C(C)(C)C)CCSC,12,4,6t6z,1
MRQ,c1ccc2c(c1)CN(CC(=O)n3cccc3CC(=O)NC(C(=O)NC(CSC2)C(=O)N)CCCNC(=N)N)Cc4ccco4,18,4,6t7h,1
MT9,CCC1C(C=CC(=O)C(CC(C(C(C(=O)O1)C)OC2C(C(CC(O2)C)N(C)C)O)C)C)(C)O,12,2,3fwo,1
MTC,COC(=O)NC1=C2CC#CC=CC#CC(C2=CCSSSC)(CC1=O)O,10,2,2pik 1pik 2l65,3
MUL,CCN(CC)CCSCC(=O)OC1CC(C(C(C23CCC(C1(C2C(=O)CC3)C)C)C)O)(C)C=C,8,3,1xbp 3g4s,2
MVI,CCC1C(C=CC=CC(=O)C(CC(C(C(C=CC(=O)O1)C)OC2C(C(CC(O2)C)N(C)C)O)C)C)COC3C(C(C(C(O3)C)O)O)O,16,3,4x81 3ssn 4x7w,3
MWY,CCC1(CC(C2(C(CCC3(C2C(=O)CC3)C(C1O)C)C)C)OC(=O)CSc4nc([nH]n4)N)C,8,4,6ooa,1
MY8,CCC1C(C=CC=CC(C(CC(C(C(C=CC(=O)O1)C)OC2C(C(CC(O2)C)N(C)C)O)C)C)O)C,16,2,5foi,1
MYV,CCC1C(C=CC=CC(=O)C(CC(C(C(C=CC(=O)O1)C)OC2C(C(CC(O2)C)N(C)C)O)C)C)(COC3C(C(C(C(O3)C)O)OC)OC)O,16,3,2y5n 4aw3,2
N0J,CCC1CCC=CC(C2CCC2CN3CC4(CCCc5c4ccc(c5)Cl)COc6c3cc(cc6)C(=O)NS1(=O)=O)O,16,6,6oqb,1
N0M,CC1CCCCC(C2CCC2CN3CC4(CCCc5c4ccc(c5)Cl)COc6c3cc(cc6)C(=O)NS1(=O)=O)O,16,6,6oqd,1
N0P,c1cc2c3cc1C(=O)NS(=O)(=O)CCOCCCCCCN3CC4(CCc5c4ccc(c5)Cl)CO2,16,5,6oqn,1
N0S,CC1CCC=CC(C2CCC2CN3CC4(CCCc5c4ccc(c5)Cl)COc6c3cc(cc6)C(=O)NS1(=O)=O)O,16,6,6oqc,1
N1C,c1nc2c3n1C4C(C(C(O4)COP(=O)(OP(=O)(OCC5C(C(C(O5)N(C2=O)C=N3)O)O)O)O)O)O,18,6,3i9l 2pgj 2pgl,3
N7N,c1ccc2c(c1)ccnc2C(=O)NC3CCCCC4CCC(N4C3=O)C(=O)NC(CC(=O)O)CO,8,4,5mtk,1
NHN,CCCC(C(=O)C(=O)NCC(=O)NC(c1ccccc1)C(=O)N(C)C)NC(=O)C2CC3CN2C(=O)C(NC(=O)CCc4cccc(c4)OCCO3)C5CCCCC5,16,5,2gvf,1
NKJ,CC1CCCOc2ccccc2C(=O)Nc3cccc(n3)-c4n1cnn4,14,4,6oyw,1
NP4,c1c(c2c(c(c1O)Cl)CC(=O)CCCC=CCCOC2=O)O,13,2,2iws,1
NP5,c1c(c2c(c(c1O)Cl)CC(=O)CCCC=CCCOC2=O)O,13,2,2iwu,1
NR7,COC(=O)Nc1ccc-2c(c1)NC(=O)CCC=CCC(c3[nH]cc2n3)N4CCC(CC4=O)c5cccc(c5)Cl,13,5,5qqp,1
NRB,CCC1C(C=CC(=O)C(CC(C(C(C(=O)C(C(=O)O1)C)C)OC2C(C(CC(O2)C)N(C)C)O)C)C)C,14,2,2vzm 2c7x,2
NRJ,COC(=O)Nc1ccc-2c(c1)NC(=O)CCC=CCC(c3[nH]cc2n3)N4CCC(OC4=O)c5cccc(c5)Cl,13,5,5qqo,1
NWT,CCCCC=CC(=O)NC(Cc1cc(cc(c1)F)F)C(=O)NC2COC(=O)C3CC(CN3C(=O)C(NC(=O)C4CCCCN4C(=O)C5CCCN5C2=O)C)C,16,5,6ttz,1
O31,CC1(CC1)S(=O)(=O)NC(=O)C2(CC2C(F)F)NC(=O)C3CC4CN3C(=O)C(NC(=O)OC5CCCC5OCC=CC(c6c(nc7ccccc7n6)O4)(F)F)C(C)(C)C,18,7,6p6l 6p6m 6p6o 6p6t 6p6v 6p6r 6p6s 6p6z 6vdl 6vdm,10
O4B,C1COCCOCCOCCOCCOCCO1,18,1,6q9u 6bty 6btz 5hxt 6ipz 7jy0 7jy1 7jy3 6q9s 6in0 5hxq 5hxp 6jwc 6lzy 7c44 5zw8 5zw7 5zw2 4xzw 6in1 6in3 6in2 7jxz 3wh0 6q9w 6q9q 6af6 3wur 4bei 6imx 6imz 7c3q 7c3y 6r8w 3whm 6bu0,36
O7N,c1cc2cc(c1)CNC(=O)CNC(=O)C(CCCCNC(=O)C(NC(=O)C(NC(=O)C2)CCCCN)CCCCN)NC(=N)N,23,2,6y3b,1
O7S,CC1=CC(CC(Cc2nc(co2)C(=O)N3CCCC3C(=O)OC(C(C=CC(=O)NCC=C1)CC=C)C(C)C)F)O,23,3,6pc6 6x3c 6wyv,3
O7V,CC1C=CC(=O)NCC=CC(=CC(CC(Cc2nc(co2)C(=O)N3CCCC3C(=O)OC1C(C)COC(=O)Nc4cc5ccccc5cn4)F)O)C,23,5,6pc7 6pc5 6x3j,3
O7Y,CC1C=CC(=O)NCC=CC(=CC(CC(=O)Cc2nc(co2)C(=O)N3CCCC3C(=O)OC1C(C)COC(=O)Nc4cc5ccccc5cn4)O)C,23,5,6pc8,1
O8D,CC1=CC(CC(=O)Cc2nc(co2)C(=O)N3CCCC3C(=O)OC(C(C=CC(=O)NCC=C1)CC=C)C(C)C)O,23,3,6pch,1
O8J,CC1C=CC(=O)NCC=CC(=CC(CC(=O)Cc2nc(co2)C(=O)N3CCCC3C(=O)OC1C(C)C)O)C,23,3,6pcq,1
O8P,CC1C=CC(=O)NCC=CC(=CC(CC(=O)Cc2nc(co2)C(=O)N3CCCC3C(=O)OC1C(C)COC(=O)Nc4ccnc(c4)Br)O)C,23,4,6pcr,1
O8S,CC1C=CC(=O)NCC=CC(=CC(CC(=O)Cc2nc(co2)C(=O)N3CCCC3C(=O)OC1C(C)COC(=O)Nc4ccc(cc4)C(F)(F)F)O)C,23,4,6pcs,1
O8V,CC1C=CC(=O)NCC=CC(=CC(CC(=O)Cc2nc(co2)C(=O)N3CCCC3C(=O)OC1C(C)COC(=O)Nc4cc5ccccc5cn4)O)C,23,5,6pct,1
OD8,CC1C2CCC(C2CC3(CCC(C3C(C1O)OC4C(C(C(C(O4)CO)O)O)O)C(C)C)C)COC,8,4,6y6b,1
ODB,c1ccc2c(c1)CN(CC(=O)N3CCCC3CC(=O)NC(C(=O)NC(CSC2)C(=O)N)CCCNC(=N)N)Cc4ccccc4CO,18,4,6gwe,1
OL7,Cc1c(nc2cc(ccc2n1)OC)OC3CC4C(=O)NC5(CC5C=CCCCCCC(C(=O)N4C3)NC(=O)C(C6CCCCC6)NC(=O)OC)C(=O)NS(=O)(=O)C7(CC7)C,15,7,6piu,1
OLJ,Cc1c(nc2cc(ccc2n1)OC)OC3CC4C(=O)NC5(CC5C=CCCCCCC(C(=O)N4C3)NC(=O)OC6CC7CC7C6)C(=O)NS(=O)(=O)C8(CC8)C,15,8,6piv,1
OLV,Cc1c(nc2cc(ccc2n1)OC)OC3CC4C(=O)NC5(CC5C=CCCCCCC(C(=O)N4C3)NC(=O)OC6CCCCC6)C(=O)NS(=O)(=O)C7(CC7)C,15,7,6piw,1
OLY,Cc1c(nc2c(n1)CC=C(C2)OC)OC3CC4C(=O)NC5(CC5C=CCCCCCC(C(=O)N4C3)NC(=O)C6(CCCC6)NC(=O)OC)C(=O)NS(=O)(=O)C7(CC7)C,15,7,6pix,1
OM7,CCC(C)C(C(=O)NC1CCCCCC=CC2CC2(NC(=O)C3CC(CN3C1=O)Oc4c(nc5ccc(cc5n4)OC)C)C(=O)NS(=O)(=O)C6(CC6)C)NC(=O)C,15,6,6pj2,1
OMS,Cc1c(nc2cc(ccc2n1)OC)OC3CC4C(=O)NC5(CC5C=CCCCCCC(C(=O)N4C3)NC(=O)OC6(CCC6)C)C(=O)NS(=O)(=O)C7(CC7)C,15,7,6piy,1
OMV,CCC1(CCCC1)OC(=O)NC2CCCCCC=CC3CC3(NC(=O)C4CC(CN4C2=O)Oc5c(nc6ccc(cc6n5)OC)C)C(=O)NS(=O)(=O)C7(CC7)C,15,7,6pj0,1
ON4,Cc1c(nc2cc(ccc2n1)OC)OC3CC4C(=O)NC5(CC5C=CCCCCCC(C(=O)N4C3)NC(=O)OC6(CC6)C)C(=O)NS(=O)(=O)C7(CC7)C,15,7,6piz,1
ONN,c1ccc(c(c1)CC(=O)O)CNC(=O)C2CSSCCC(C(=O)NC(CC(=O)N2)Cc3ccc(cc3)O)N,13,3,6ydx,1
OOE,c1nc(c2c(n1)n(cn2)C3C(C4C(O3)COP(=O)(OC5C(COP(=O)(O4)O)OC(C5F)n6cnc7c6N=C(NC7=O)N)O)F)N,12,7,6yea,1
OOZ,CCC1C=C(CC(CC(C2C(CC(C(O2)(C(=O)C(=O)N3CCCCC3C(=O)OC(C(C(CC1=O)O)C)C(=CC4CCC(C(C4)OC)O)C)O)C)OC)O)C)C,21,4,6yf3,1
OP5,CC1CC(C2C(CC(C(O2)(C(=O)C(=O)N3CCCCC3C(=O)OC(C(C(CC(=O)C(C=C(C1)C)CC(=O)C)O)C)C(=CC4CCC(C(C4)OC)O)C)O)C)OC)OC,21,4,6yf2,1
OP8,CCC1C2C(O2)(CC(CC(C3C(CC(C(O3)(C(=O)C(=O)N4CCCCC4C(=O)OC(C(C(CC1=O)O)C)C(=CC5CCC(C(C5)OC)O)C)O)C)OC)OC)C)C,21,5,6yf1,1
OQW,c1c(c(c(c(c1F)F)S(=O)(=O)N)NC2CCCCCCC2)F,8,2,6yh6,1
OZV,c1nc(c2c(n1)n(cn2)C3C(C(C(O3)COP(=O)(O)OP4(=O)OP(=O)(OP(=O)(OP(=O)(O4)O)O)O)O)O)N,8,4,6pvw,1
P04,c1cc2cc(c1)NC(=O)CCCCc3cnn4c3nc(nc4NC5CC5)N2,14,5,3be9,1
P07,CCn1c-2c(nn1)-c3ccccc3-c4c(nnn4CC)-c5c2cccc5,8,5,5afg,1
P0J,OP1(=O)OP(=O)(OP(=O)(OP(=O)(O1)O)O)O,8,1,6pvw,1
P0S,OP1(=O)OP(=O)(OP(=O)(OP(=O)(OP(=O)(OP(=O)(O1)O)O)O)O)O,12,1,6pvu,1
P2N,c1c(c2c(c(c1O)Cl)CC(=O)CCCCC=CCCOC2=O)O,14,2,2cgf,1
P8X,CC1C2=C(C(C(=N2)C=C3C(C(C(=N3)C=C4C(C(C(N4)(C5C(C(C1=N5)(C)CCC(=O)O)CC(=O)O)C)(C)CC(=O)O)CCC(=O)O)(C)CC(=O)O)CCC(=O)O)(C)C)CCC(=O)O,15,5,4au1,1
PHO,CCC1=C(c2cc3c(c(c([nH]3)cc4nc(c5c6c(c(c([nH]6)cc1n2)C)C(=O)C5C(=O)OC)C(C4C)CCC(=O)OCC=C(C)CCCC(C)CCCC(C)CCCC(C)C)C)C=C)C,16,6,4ixq 4v82 5b5e 6w1o 6w1v 6w1t 6w1r 6w1p 6w1q 6kac 6kaf 6kad 5mx2 5b66 4fby 4ixr 1s5l 1fe1 4pj0 3a0h 1w5c 2axt 7cou 7coy 4yuu 1ilx 5tis 4rvy 5kaf 5kai 6yp7 7d1t 7d1u 5v2c 5ws5 5ws6 5gti 3a0b 6dhh 6dho 6dhf 6dhg 6dhe 6dhp 1izl 6w1u 6j40 5mdx 5zzn 4pbu 7nhq 7nhp 7nho 7cji 7cjj 3wu2 6j3y 6j3z 6wj6 5e79 5e7c 4ub8 4ub6 4v62 3jcu 6jlp 6jlu 6jlj 6jlk 6jll 6jlm 6jln 6jlo 4tnj 4tnk 4tnh 4tni 5xnm 5gth 5h2f 3kzi 4il6 7czl 5xnl,84
PI4,CC(C)(C)NC(=O)C1CCCCN1CC(C2Cc3ccc(cc3)OCCCC(=O)NC(C(=O)N2)CC(=O)N)O,15,4,1b6l,1
PI5,CCC(C)C1C(=O)NCCCOc2ccc(cc2)CC(C(=O)N1)NCC(C(Cc3ccc(cc3)O)NC(=O)C(C(C)C)N4CCCC4=O)O,15,5,1b6k,1
PI6,CCC(C)C1C(=O)NCCCOc2ccc(cc2)CC(C(=O)N1)NCC(C(Cc3ccccc3)NC(=O)OC(C)(C)C)O,15,4,1b6m 1mtr,2
PI7,CCC(C)C1C(=O)NCCCOc2ccc(cc2)CC(C(=O)N1)NCC(C(Cc3ccc(cc3)O)NC(=O)C(C(C)C)NC(=O)CC)O,15,4,1b6p,1
PI8,CCC(C)C1C(=O)NCCCCCOc2ccc(cc2)CC(C(=O)N1)NCC(CC(Cc3ccccc3)C(=O)NC4c5ccccc5CC4O)O,17,6,1d4k,1
PI9,CC(C)CCN(CC(C1Cc2ccc(cc2)OCCCCCC(=O)NC(C(=O)N1)C(C)C)O)S(=O)(=O)c3ccc(cc3)N,17,4,1d4l,1
POH,C[n+]1ccc(cc1)c2c3ccc([nH]3)c(c4nc(c(c5ccc([nH]5)c(c6nc2C=C6)c7cc[n+](cc7)C)c8cc[n+](cc8)C)C=C4)c9cc[n+](cc9)C,16,9,6jjh 6jji 2a5r 6kfl 2hri,5
POU,CCC(CO)C=C(C)C1CC(CC(C(C2(C(C(CC(O2)CC(C(C(=O)O1)O)OC)OC)O)O)(C)C)O)OC,14,2,4o4l 5sye 5kmg 5syc 4o4j,5
PP6,CC(C)C1C(=O)NC(Cc2ccc3cccc(c3c2)CC(=O)N1)P(=O)([O-])OC(Cc4ccccc4)C(=O)OC,12,4,2wed 2wea,2
PP7,CC(C)CC1NC(=O)C(CC(=O)NCc2cccc(c2)CC(OP1(=O)O)C(=O)OC)NC(=O)C(C(C)C)NC(=O)CC(C)C,15,2,1bxo,1
PP9,Cc1c2cc3nc(cc4c(c(c([nH]4)cc5nc(cc(c1CCC(=O)O)[nH]2)C(=C5C)CCC(=O)O)C=C)C)C(=C3C)C=C,16,5,5duo 5e9z 4kla 1z53 2qd5 2qd1 6g71 2hre 2y4e 4uc1 1hrs,11
PQ2,CC1(C(C2=CC3=NC(=Cc4c(c(c([nH]4)Cc5c(c(c([nH]5)C=C1N2)CC(=O)O)CCC(=O)O)CCC(=O)O)CC(=O)O)C(C3(C)CC(=O)O)CCC(=O)O)CCC(=O)O)CC(=O)O,16,5,6veb,1
PQ5,c1cc(c2cc1-c3cnn4c3nc(cc4)NCCOCCO2)C(=O)O,14,4,6yul 6z5c 6z55 6z4z,4
PS9,S1SSSSSSS1,8,1,5jr5 3hyx 3hyv 3hyw,4
PTT,COc1c2c(nc(n1)N)NC3C(N2)C4=C5C(O3)COP(=O)(O[Mg]OP(=O)(OCC6C7=C(C8C(O6)NC9=C(N8)C(=O)NC(=N9)N)S[W](S5)(S7)(S4)O)O)O,16,9,1b25,1
PUL,CC1C(C(C(C(O1)OC(C)C(C=CC=CC=CC(=O)C(C)C(C(C)C2CC=CC=CC=CC(C(=O)C(=CC=CC(=CC(C(=CCC(=O)O2)C)O)C)C)O)O)O)OC)O)OC,22,2,2c78 4pc7,2
PWB,c1nc(c2c(n1)n(cn2)C3C(C4C(O3)COP(=O)(OC5C(COP(=O)(O4)S)OC(C5F)n6cnc7c6ncnc7[NH3+])O)F)[NH3+],12,7,6ywb 6ywa,2
PXI,CCC1C(C=CC(=O)C(CC(C(C(C(=O)O1)C)OC2C(C(CC(O2)C)N(C)C)O)C)C)C,12,2,2vz7 2c6h 2ca0 2cd8,4
PXT,CC1CC2(CCC(O2)C34CCC(O3)(CC(O4)C5C(=O)CC(O5)(C(C6CCC7(O6)CCCC(O7)C(C(=O)OC8CC(OC8C=CC(=C1)C)C9(C(=C(CCO9)C)O)O)C)O)C)C)C,26,9,2q0u 2q0r,2
PY8,c1cc2cc(c1)S(=O)(=O)NCCCNc3c(cnc(n3)N2)Br,13,3,2j9m,1
PYW,CCC(=C1C(=O)OC(C(C(=O)NC(C(C(C(=O)O1)C)O)Cc2cccnc2)NC(=O)c3c(cccn3)O)C)C,12,3,4bge 4bii,2
Q4D,CN1CCC=CC(C2CCC2CN3CC4(CCCc5c4ccc(c5)Cl)COc6c3cc(cc6)C(CC1=O)(C(=O)NS(=O)(=O)N(C)C)O)OCCN7CC(C7)(F)F,16,7,6ud2,1
Q4S,CN1CCC=CC(C2CCC2CN3CC4(CCCc5c4ccc(c5)Cl)COc6c3cc(cc6)C(CC1=O)(C(=O)NS(=O)(=O)N(C)C)O)OC,16,6,6udi,1
Q4V,CN1CCC=CC(C2CCC2CN3CC4(CCCc5c4ccc(c5)Cl)COc6c3cc(cc6)C(CC1=O)(C(=O)O)O)O,16,6,6udt,1
Q4Y,CN1CC=CCCCCN2CC3(CCCc4c3ccc(c4)Cl)COc5c2cc(cc5)C(CC1=O)(C(=O)O)O,15,5,6udu,1
Q51,CC1CC=CC(C2CCC2CN3CC4(CCCc5c4ccc(c5)Cl)COc6c3cc(cc6)C(=O)NS(=O)(=O)C1C)O,16,6,6udv,1
Q6B,CC1CC(=CCC(OC(=O)CCCC1OC(=O)C=CC(=CC(=CC=CC(=CC(C(CC(C)O)O)O)C)C)C)C(C)CC(=CC(C)C(CC(C)O)O)C)C,12,1,6z3t,1
Q7H,CN1CCCN(C(=O)COc2cc(ccc2OC3CCOC=C3)Nc4c5c(c[nH]c5ncn4)C1)C,16,5,6z54,1
Q7K,CN1CCCN(C(=O)COc2cc(ccc2OC3CCOCC3)Nc4c5c(c[nH]c5ncn4)C1)C,16,5,6z50,1
Q7Q,CN1CCCNCc2c[nH]c3c2c(ncn3)Nc4ccc(c(c4)OCC1=O)OCCOC,16,4,6z56 6z4y,2
Q7Z,CN1CCCN(C(=O)COc2cc(ccc2OCCOC)Nc3c4c(c[nH]c4ncn3)C1)C,16,4,6z5b 6z53,2
Q8B,CN1CCCN(C(=O)COc2cc(ccc2OCC(=O)NC3CCCC3)Nc4c5c(c[nH]c5ncn4)C1)C,16,5,6z5a 6z51,2
Q8K,c1cc-2cc(c1)C(=O)NCCN(C=CN(c3ccn4c(c2cn4)n3)CCO)C5CC5,15,5,6z5e,1
Q8Q,CN1CCNc2ccn3c(n2)c(cn3)-c4cccc(c4)C(=O)NCC1,15,4,6z5d,1
Q8T,CN1CCN(CC1)c2ccc3cc2OCC(=O)N(CCCN(Cc4c[nH]c5c4c(ncn5)N3)C)C,16,5,6z52,1
Q8W,c1cc-2cc(c1)OC=CN(CCNc3ccn4c(c2cn4)n3)CCN5CCOCC5,14,5,6z57,1
Q98,c1cc-2cc(c1)C(=O)NCCOCCNc3ccn4c(c2cn4)n3,15,4,6z59,1
Q9B,c1cc-2cc(c1)C(=O)NCCCCCNc3ccn4c(c2cn4)n3,15,4,6z58,1
Q9E,CC(=O)N1CCCC1C(=O)NC2COC(=O)c3ccccc3CSCC(NC2=O)C(=O)N(C)C,12,3,6z6a,1
QDW,CN1CCS(=O)(=O)Nc2cc(cnc2OC)N3CCOc4c3cc(cc4)C1,13,4,6zad,1
QEV,Cc1c(ncn1c2cccc(c2F)Cl)C(=O)NC3CCCC(C(=O)Nc4cc(ccc4-c5ccnc3c5)NC(=O)OC)C,12,5,5qtu,1
QEY,CC1CCCC(c2cc(ccn2)-c3ccc(cc3NC1=O)NC(=O)OC)NC(=O)c4cnn(c4N)c5cccc(c5F)Cl,12,5,5qtt,1
QKH,COCC1C2C(C(C(O1)OC3C(OC(C(C3O)OC)OC4C(OC(C(C4O)O)OC5C(OC(C(C5O)O)OC6C(OC(C(C6OC)O)OC7C(OC(C(C7OC)OC)OC8C(OC(O2)C(C8O)OC)CO)CO)CO)CO)CO)CO)OC)O,35,21,2qkh,1
QLD,CCOC(=O)C1CCCCC(c2[nH]cc(n2)-c3ccc(cc3N1)NC(=O)OC)NC(=O)C=Cc4cc(ccc4n5cnnn5)Cl,12,5,5qtx,1
QLE,CCC1C(C=CC(=O)C(CC(C(C(C(=O)O1)C)OC(=O)CCN(C)C)C)C)C,12,1,4b7d 4b7s,2
QLJ,CCOC(=O)C1CCCCC(c2cc(ccn2)-c3ccc(cc3N1)NC(=O)OC)NC(=O)C=Cc4cc(ccc4n5cnnn5)Cl,12,5,5qty,1
QLM,COC(=O)C1CCCCC(c2[nH]c(cn2)-c3ccc(cc3N1)NC(=O)OC)NC(=O)C=Cc4cc(ccc4n5cnnn5)Cl,12,5,5qtw,1
QLS,COC(=O)Nc1ccc-2c(c1)NC(CCCCC(c3[nH]c2cn3)NC(=O)C=Cc4cc(ccc4n5cnnn5)Cl)C(F)(F)F,12,5,5qtv,1
QQ7,C1N2C3C4N(C2=O)CN5C6C7N(C5=O)CN8C9C2N(C8=O)CN5C8C%10N(C5=O)CN5C%11C%12N(C5=O)CN5C%13C%14N(C5=O)CN5C%15C(N1C5=O)N1CN3C(=O)N4CN6C(=O)N7CN9C(=O)N2CN8C(=O)N%10CN%11C(=O)N%12CN%13C(=O)N%14CN%15C1=O,8,21,6s99 6su0 3q6e 6f7w 6f7x 6zuk 6zum 6zul,8
QR8,CC1CC(C(=O)C(C(C(C(OC(=O)C(C(C(C1O)C)O)C)C)C)O)C)C,14,1,6zi7 6zi2 6zhz,3
R1Q,CCC1(CC2CC(c3c(c4ccccc4[nH]3)CCN(C2)C1)(c5cc6c(cc5OC)N(C7C68CCN9C8C(C=CC9)(C(C7(C(=O)OC)O)OC(=O)C)CC)C=O)C(=O)OC)O,9,9,7a69,1
R27,CC1CC(C2C(CC(C(O2)(C(=O)C(=O)N3CCCCC3C(=O)OC(C(C(CC(=NNC(=O)C)C(C=C(C1)C)CC=C)O)C)C(=CC4CCC(C(C4)OC)O)C)O)C)OC)OC,21,4,6vcu 6vct 6vcv,3
R3B,COc1ccc(cc1OC)CCC2c3cccc(c3)OCCCOc4c(cc(cc4OC)C(C(=O)N5CCCCC5C(=O)O2)C6CCCCC6)OC,19,7,7a6x,1
R3E,COc1ccc(cc1OC)CCC2c3cccc(c3)OCC=CCOCCOc4c(cc(cc4OC)C(C(=O)N5CCCCC5C(=O)O2)C6CCCCC6)OC,23,7,7a6w,1
RAD,CCOC1CC2CCC(C(O2)(C(=O)C(=O)N3CCCCC3C(=O)OC(CC(=O)C(C=C(C(C(C(=O)C(CC(C=CC=CC=C1C)C)C)OC)O)C)C)C(C)CC4CCC(C(C4)OC)O)O)C,29,4,1nsg 2fap,2
RAP,CC1CCC2CC(C(=CC=CC=CC(CC(C(=O)C(C(C(=CC(C(=O)CC(OC(=O)C3CCCCN3C(=O)C(=O)C1(O2)O)C(C)CC4CCC(C(C4)OC)O)C)C)O)OC)C)C)C)OC,29,4,1z58 5flc 1c9h 4drj 4drh 4dri 5gpg 1pbk 1fap 4qt3 4qt2 2vcd 2dg4 2dg3 2dg9 5hkg 1fkl 1fkb 3kz7 6m4w 6m4v 6m4u,22
RBT,Cc1c(c2c3c4c1OC(C4=O)(OC=CC(C(C(C(C(C(C(C(C=CC=C(C(=O)NC(=C5C3=NC6(N5)CCN(CC6)CC(C)C)C2=O)C)C)O)C)O)C)OC(=O)C)C)OC)C)O,24,6,2a68 6bec 4cp3,3
RCD,C(C1C2C(C(C(O1)OC3C(OC(C(C3O)O)OC4C(OC(C(C4O)O)OC5C(OC(C(C5O)O)OC6C(OC(C(C6O)O)OC7C(OC(C(C7O)O)OC8C(OC(C(C8O)O)OC9C(OC(O2)C(C9O)O)CO)CO)CO)CO)CO)CO)CO)O)O)O,40,30,3edk,1
RDC,CC1CC2C(O2)C=CC=CC(=O)Cc3c(c(cc(c3Cl)O)O)C(=O)O1,14,3,1u0z 3cgy 1bgq 2wer 2zbk 6cjl 2hkj 4egk 2q8i,9
RDI,CC1CC2C(O2)CCCCC(=O)CC3C(C(=O)CC(=O)C3Cl)C(=O)O1,14,3,1qy8,1
RFP,Cc1c(c2c3c4c1OC(C4=O)(OC=CC(C(C(C(C(C(C(C(C=CC=C(C(=O)Nc(c2O)c(c3O)C=NN5CCN(CC5)C)C)C)O)C)O)C)OC(=O)C)C)OC)C)O,24,6,1skx 2hw2 1ynn 6brd 5hv1 5uhg 5uhd 5uhb 5uhc 5uh6 5kox 6ccv 6bed 5uah 5ual 5uac 3aob 3aod 1i6v 4kmu,20
RFV,Cc1c(c2c3c(cc(c2O)NC(=O)C(=CC=CC(C(C(C(C(C(C(C(C=COC4(C(c3c1O4)O)C)OC)C)OC(=O)C)C)O)C)O)C)C)O)O,24,5,6beb 4oir,2
RGA,CC1C=CC(CC(C(C2CC(=CC(=O)O2)CC(CC(=CC=CC(=O)OC(C(C=CC(CC1OC)OC)C)C(C)C(C(C)CCC(=O)C(C)C(CC=CN(C)C=O)OC)OC)C)OC)C)OC)OC,26,2,2asm,1
RGC,CC1C=CC(CC(C(C2CC(=CC(=O)O2)CC(CC(=CC=CC(=O)OC(C(C=CC(CC1OC)OC)C)C(C)C(C(C)CCC(=O)C(C)C(CCC(=O)O)OC)OC)C)OC)C)OC)OC,26,2,2asp,1
RH9,CC(CCC(=O)C(C)C(CC=CN(C)C=O)OC)C(CC1C(C(Cc2nc(co2)C(CC=CC=CC(CC(CC(=O)OC(C(C(Cc3nc(co3)C(CC=CC=CC(CC(CC(=O)O1)O)OC)OC)O)(C)C)CC(C(C)CCC(=O)C(C)C(CC=CN(C)C=O)OC)OC)O)OC)OC)O)(C)C)OC,38,3,2vyp,1
RHM,CC1CNCCN2CC(N[Rh+2]23(N1)N=C4c5ccccc5-c6ccccc6C4=N3)C,8,6,454d,1
RIF,CC1C=CC=C(C(=O)NC2=C(C3C(C4=C(C(=C3O)C)OC(C4=O)(OC=CC(C(C(C(C(C(C1O)C)O)C)OC(=O)COC(=O)CC5=CN(C=CC5)C)C)OC)C)C(=C2N6CCOCC6)O)O)C,24,7,1fi1,1
RIN,C1CCCCCNC(=O)C(CCCC1)N,13,1,1kbc,1
RLZ,CC1CCC=C(CC(C(=O)NC(C(=O)N(C(C(=O)NC(CC(=O)O1)c2ccc(cc2)O)Cc3c[nH]c4c3cccc4)C)CCCCNC(=O)CCC(=O)Nc5cc(ccc5N=Nc6cc(c(c(c6)OC)OC)OC)OC)C)C,19,6,7ahq 7ahn,2
ROM,CC1(C(C(C(C(O1)OC23C=CC=C2c4cc5ccc4C3Oc6c(cc(cc6Cl)C(CC(=O)OCC5OC(=O)c7cc(cc8c7NC(=O)C(=C)O8)OC)[NH3+])O)O)O)N(C)C)C,16,11,1hzl,1
ROX,CCC1C(C(C(C(=NOCOCCOC)C(CC(C(C(C(C(C(=O)O1)C)OC2CC(C(C(O2)C)O)(C)OC)C)OC3C(C(CC(O3)C)N(C)C)O)(C)O)C)C)O)(C)O,14,3,1jzz,1
RPT,Cc1c(c2c3c4c1OC(C4=O)(OC=CC(C(C(C(C(C(C(C(C=CC=C(C(=O)Nc(c2O)c(c3O)C=NN5CCN(CC5)C6CCCC6)C)C)O)C)O)C)OC(=O)C)C)OC)C)O,24,7,2a69 6beh,2
RQK,CC1CC2C(=O)OC(C(=O)N(C(C(=O)N(C(C(=O)NC(=C)C(=O)N2C1)C)O)C(C(=O)N)O)C)C,15,2,7alr,1
RRS,CC(C)CC(CC(=O)NO)C(=O)NC1Cc2cn(c3c2cccc3)CCCCCCNC1=O,13,3,1mmq,1
RSS,CC(C)CC(CC(=O)O)C(=O)NC1Cc2cn(c3c2cccc3)CCCCCCNC1=O,13,3,1mmp,1
RTQ,COc1ccc(cc1OC)CCC2c3cccc(c3)OCC(=O)NCC(=O)NC(C(=O)N4CCCCC4C(=O)O2)C5CCCCC5,17,5,7aot,1
RTT,COc1ccc(cc1OC)CCC2c3cccc(c3)OCC(=O)NC4(CC4)C(=O)NC(C(=O)N5CCCCC5C(=O)O2)C6CCCCC6,17,6,7aou,1
RU6,CCC1C2(C(C(C(=O)C(CC(C(C(C(C(C(=O)O1)C)OC3CC(C(C(O3)C)O)(C)OC)C)OC4C(C(CC(O4)C)N(C)C)O)(C)OC)C)C)N(C(=O)O2)CCCCn5cc(nc5)c6cccnc6)C,14,6,2o45,1
RXM,Cc1ccn2c(c1)nc3c2c4c(c5c3c6c(c(c5O)C)OC(C6=O)(OC=CC(C(C(C(C(C(C(C(C=CC=C(C(=O)N4)C)C)O)C)O)C)OC(=O)C)C)OC)C)O,24,6,6bee,1
S1A,CC1C=CC(C(CCCCC(OC(=O)C(C2(C(C(C(C1O2)C)O)OC)O)C)c3ccccc3)OC)OC,16,3,3jrx 3gid 1w96,3
S1S,c1ccc2c(c1)cccc2CC3CC=CC(C(C(=O)NC4(CCCCC4)C(=O)NC(C(=O)NC3)CC(=O)N)CC(=O)O)c5ccc(cc5)C(C(=O)O)C(=O)O,15,5,2aob 2aoa,2
S43,CC(C)C1C(=O)NCCCCCCCCCCCOC(=O)NC(C(CC(=O)N1)O)Cc2ccccc2,22,2,6qbh,1
S5W,COc1ccc(cc1OC)CCC2c3cccc(c3)OCCOc4c(cc(cc4OC)C(C(=O)N5CCCCC5C(=O)O2)C6CCCCC6)OC,18,7,7awx,1
S8N,CC1(C(=O)NC(C(=O)N2CCCCC2C(=O)OC(c3cccc(c3)OCC(=O)N1C)CCc4ccc(c(c4)OC)OC)C5CCCCC5)C,17,5,7awf,1
SB1,CC1(COC(=O)CCCCCCCCCCCOC(=O)C2CCCCN2C(=O)C1=O)C,21,2,1fki,1
SFA,CCC1CC(C2(C(C(C(C(O2)CC(C(C)CCC=CC=C(C)C3CC=CC=CC(C(C(C(C(=O)NC(C(=O)NC(C(=O)N4CCCC(N4)C(=O)O3)Cc5cccc(c5)O)C(C)C)CCC(=O)C)O)C)O)O)C)O)C)NC1=O)C,22,5,1ynd,1
SFM,CC1C(C=CC=CCC(OC(=O)C2CCCN(N2)C(=O)C(NC(=O)C(NC(=O)C(C1O)CCC(=O)C)C(C)C)Cc3cccc(c3)O)C(=CCO)C)O,22,3,1nmk,1
SFP,c1cc(ccc1c2c3ccc([nH]3)c(c4nc(c(c5ccc([nH]5)c(c6nc2C=C6)c7ccc(cc7)S(O)(O)[O-])c8ccc(cc8)S(O)(O)[O-])C=C4)c9ccc(cc9)S(O)(O)[O-])S(O)(O)[O-],16,9,1rit 1pxd 1jn2 1rir,4
SG9,CC1C2CCCC=CC3CC(CC4(O3)CC(CC(O4)CC(=O)C(C(C(C(=C)CC5CC(CC6(O5)CC(CC(O6)CC(=O)OC7C(C(C(C(O2)(CC1O)O)O)OC(C7O)CC(=C)CC(C=CC(=C)Cl)O)C)OC(=O)C)(C)O)C)OC(=O)C)C)OC)O,32,7,6fii,1
SH0,CC1(C(C2C=C3C(C(C(=CC4=NC(CC5C(=C(C(=N5)C=C1N2)CC(=O)O)CCC(=O)O)C(C4CC(=O)O)CCC(=O)O)N3)CCC(=O)O)(C)CC(=O)O)CCC(=O)O)CC(=O)O,16,5,2v4j,1
SHN,CC1(c2cc3nc(cc4c(c(c([nH]4)cc5nc(cc([nH]2)C1CCC(=O)O)C(=C5CCC(=O)O)CC(=O)O)CCC(=O)O)CC(=O)O)C(C3CCC(=O)O)(C)CC(=O)O)CC(=O)O,16,5,6p5x 6m2h 6m2e,3
SKZ,C=C1N2CCCNC(=O)CC34CC(=O)NCCCN5C(=C)O[Fe](O1)(O3)(O2)(O5)OC4=O,11,5,3tny,1
SPR,CC1CC=CC=CC(C(CC(C(C(C(CC(=O)O1)O)OC)OC2C(C(C(C(O2)C)OC3CC(C(C(O3)C)O)(C)O)N(C)C)O)CC=O)C)OC4CCC(C(O4)C)N(C)C,16,4,5igz 1kd1,2
SPX,CC1C=CC(CC(C(C2C(C(=CC(=O)O2)CC(CC(=CC=CC(=O)OC(C(C=CC(CC1O)OC)C)C(C)C(C(C)CCC(=O)C(C)C(CC=CN(C)C=O)OC)OC)C)OC)O)C)OC)OC,26,2,2aso,1
SQX,CC1CC(OC1=O)C2=C(C3C=C(C(CC4CCC5(O4)CCC6(O5)C(CCC(O6)CC(=C)CCCC7=NCC(C(CC37CC2)C)C)(C)O)O)C)C,19,7,2wzy,1
SRG,CC(C)C1C=CC(=O)NCCC=CC(C(=O)N1)NC(=O)C(C(C)C)NC(=O)NC(C(C)C)C(=O)O,12,1,2zcy 5cz6,2
SRN,CC1C2CC=CC3C(C4CC(O3)C(O4)C=CC=CC=CC(=O)OC5C=CC(CC=CCCC=CC(C(C(O2)CC1O)O)O)OC5C(=CC(C)CCCCC(=O)O)C)C,31,6,6vvz 6vvx 6vvy 6vvs 6vvt 1ynj,6
SRS,CC(C)CC(CS(=N)(=N)C)C(=O)NC1Cc2cn(c3c2cccc3)CCCCCCNC1=O,13,3,1mmr,1
SU3,CCC1CC1(C(=O)NS(=O)(=O)C2CC2)NC(=O)C3CC4CN3C(=O)C(NC(=O)OCC(CCCCc5cccc6c5CN(C6)C(=O)O4)(C)C)C(C)(C)C,20,6,5esb 3su5 3su4 3su6 3su3,5
SUE,CC(C)(C)C1C(=O)N2CC(CC2C(=O)NC3(CC3C=C)C(=O)NS(=O)(=O)C4CC4)Oc5c(nc6ccc(cc6n5)OC)CCCCCC7CC7OC(=O)N1,18,7,6p6q 6c2m 3sue 3sud 3sug 3suf,6
SWI,CC1CC(CC(O1)CCC(C)C(C(C)C2C(C(CC(C(C(CC3CC=CC(O3)CC(CC=C(C=CC(=O)OC(C(C(CC(C(C(CC4CC=CC(O4)CC(CC=C(C=CC(=O)O2)C)O)OC)C)O)O)C)C(C)C(C(C)CCC5CC(CC(O5)C)OC)O)C)O)OC)C)O)O)C)O)OC,40,5,1yxq,1
SWP,CC1CCCC(c2cc(ccn2)-c3ccc(cc3NC1=O)NC(=O)OC)N4CCC(=CC4=O)c5c(ccc(c5F)Cl)F,12,5,6w50,1
SY2,CC(C)C1C=CC(=O)NCCCCC(C(=O)N1)NC(=O)C(C(C)C)NC(=O)NC(C(C)C)C(=O)O,12,1,3gpj,1
T17,CCC1C2(C(C(C(=O)C(CC(C(C(C(=O)C(C(=O)O1)C)C)OC3C(C(CC(O3)C)N(C)C)O)(C)OC)C)C)N(C(=O)O2)CCCn4cc(nn4)CCCC(=O)NCC(=O)O)C,14,4,4p6f,1
T3Y,c1c(cc2c(c1Cc3cc(cc(c3O)Cc4cc(cc(c4O)Cc5cc(cc(c5O)C2)S(=O)(=O)O)S(=O)(=O)O)S(=O)(=O)O)O)S(=O)(=O)O,16,5,4n0k 4pru 4prq 6gl5 3tyi 6ha4 4ye1 4n0j,8
T58,COc1ccc(cc1OC)CCC2c3cccc(c3)OCC=CCOc4cc(cc(c4OC)OC)C(C(=O)N5CCCCC5C(=O)O2)C6CCCCC6,19,6,7b9z,1
T5B,COc1ccc(cc1OC)CCC2c3cccc(c3)OCC(C(COc4cc(cc(c4OC)OC)C(C(=O)N5CCCCC5C(=O)O2)C6CCCCC6)O)O,19,6,7b9y,1
T5H,COc1ccc(cc1OC)CCC2c3cccc(c3)OCC(C(COc4c(cc(cc4OC)C(C(=O)N5CCCCC5C(=O)O2)C6CCCCC6)OC)O)O,20,7,7ba0,1
T64,CC1=CN2C3CC(C(O3)COP(=O)(OC4CC(N5C(C1=NC2=O)C(C(=O)NC5=O)(C)O)OC4COP(=O)(O)O)O)O,16,6,6r8y 4ym6 4ym5 6r93 6cfi,5
T76,c1cc2c(cc1Cl)CNC(=O)C3CCCN3C(=O)C(NC(=O)CCNC(=O)CO2)C4CCCCC4,17,4,1nt1,1
TA1,CC1=C2C(C(=O)C3(C(CC4C(C3C(C(C2(C)C)(CC1OC(=O)C(C(c5ccccc5)NC(=O)c6ccccc6)O)O)OC(=O)c7ccccc7)(CO4)OC(=O)C)O)C)OC(=O)C,8,7,5hnw 5hny 5hnx 5hnz 5m54 5m50 5m5m 5m5l 5m5o 5m5n 5m5i 5m5c 6i2i 4ck6 4ck7 4ck5 1jff 6wwl 6qex 6mlr 6mlq 2p4n 6qve 6qus 6ew0 4uxo 4uxt 4uxp 4uxr 6qvj 6zpi 5sye 6wwp 6wws 6wwm 6wwh 2hxf 2hxh 6b0c 6b0l 6b0i 5ogc 5syf 6rzb 6rza 6wvr 6wvm 6quy 6ve7 5w3j 7lvr 7lvq 6wwu 6wwv 6wwq 6wwr 6wwn 6wwo 6wwi 6wwk 6wwe 6wwf 6wwg 6wwt 3iz0 3edl 5nd3 5nd2 5nd4 5nd7 3dco 4uxy 4uxs 2wbe 6wvl 4aqv 4aqw 5mm4 5mm7 5ocu 5oam 6wwj 4uy0 3j6g 3j6p,85
TAO,CC1CC(C(C(O1)OC2C(CC3(CO3)C(=O)C(C(C(C(OC(=O)C(C(C2C)OC4CC(C(C(O4)C)OC(=O)C)OC)C)C)C)OC(=O)C)C)C)OC(=O)C)N(C)C,14,4,1ond 3i56,2
TC9,C[NH+]1CCc2cc(c3cc2C1Cc4ccc(cc4)Oc5c6c(cc(c5O)OC)CC[N+](C6Cc7ccc(c(c7)O3)O)(C)C)OC,18,8,2xyt,1
TEL,CCC1C2(C(C(C(=O)C(CC(C(C(C(=O)C(C(=O)O1)C)C)OC3C(C(CC(O3)C)N(C)C)O)(C)OC)C)C)N(C(=O)O2)CCCCn4cc(nc4)c5cccnc5)C,14,5,4wf9 1yij 6ha1 6ha8 4v7z 4v7s 1p9x,7
TEX,CC(C)C1C(=O)NC(Cc2c[nH]c3c2c(ccc3C(C)(CCC=C(C)C)C=C)N1C)CO,9,3,5gm2,1
TNN,CC(C12C3C#CC=CC#CC(C1(O2)c4cc(c5c(c4N3)C(=O)c6c(ccc(c6O)OC)C5=O)O)O)O,10,6,5umy,1
TR8,[B-](C(CCO)NC(=O)C1CC2CN1C(=O)C(NC(=O)OCC(CCCCC3=CC=CC4C3CN(C4)C(=O)O2)(C)C)C(C)(C)C)(O)(O)O,20,4,2xni,1
TS2,C1CCNC(=O)CNC(=O)C(CSSCC(C(=O)NCC(=O)NCCCNC1)NC(=O)CCC(C(=O)O)N)NC(=O)CCC(C(=O)O)N,24,1,3grt,1
TSV,CC(C)(C)OC(=O)NC1CCCCCC=CC2CC2(NC(=O)C3CC(CN3C1=O)OC(=O)n4cc5cccc(c5c4)F)C(=O)NS(=O)(=O)C6CC6,15,6,5eqr 6n4n 6c2o 6c2n 3m5l 3su1 3su2 3su0,8
TT,CC12C3C4C1(C(=O)NC(=O)N4C5CC(C(O5)COP(=O)(O)O)OCOCC6C(CC(N3C(=O)NC2=O)O6)O)C,14,6,2xrz 4a93 2ja8 2ja7 2ja6,5
TTD,CC12C3C4C1(C(=O)NC(=O)N4C5CC(C(O5)COP(=O)(O)O)OP(=O)(OCC6C(CC(N3C(=O)NC2=O)O6)O)O)C,14,6,1sl1 1sl2 6o6c 1sks 3mfi 5zcw 1ttd 3pzp 4a0a 4a0b 4a09 4a08 5b24 6h68 6h67 3mr6 3mr5 3mr3 3si8,19
TTX,CC1C(=O)NC(C(=O)N(C(=Cc2ccccc2)C(=O)NCC(=O)N1C)C)CC(C)C,12,2,6vom 6vol 6voo 6vok 6voj 1kmh 6von,7
TUB,CN1CCc2cc(c3cc2C1Cc4ccc(cc4)Oc5c6c(cc(c5O)OC)CC[N+](C6Cc7ccc(c(c7)O3)O)(C)C)OC,18,8,3pmz,1
TXL,CC1=C2C(C(=O)C3(C(CC4C(C3C(C(C2(C)C)(CC1OC(=O)C(C(c5ccccc5)NC(=O)OC(C)(C)C)O)O)OC(=O)c6ccccc6)(CO4)OC(=O)C)O)C)O,8,6,1ia0 1tub,2
TYK,CCC1C(C=C(C=CC(=O)C(CC(C(C(C(CC(=O)O1)O)C)OC2C(C(C(C(O2)C)OC3CC(C(C(O3)C)O)(C)O)N(C)C)O)CC=O)C)C)COC4C(C(C(C(O4)C)O)OC)OC,16,4,1k9m,1
U49,c1cc2ccc3cc2c(c1)N4CCC(C4=O)NCc5cncn5Cc6ccc(c(c6)O3)C#N,16,6,1ld8,1
U5Y,c1ccc(cc1)C2CCCN2C(=O)CC3C(=O)NC(Cc4ccc(cc4)Oc5cccc(c5)CCC(=O)N3)C(=O)NCc6ccccc6F,17,7,6wnk,1
U66,c1cc2ccc3cc2c(c1)N4CCC(C4=O)NCCc5cncn5CC6=CCC(C(C6)O3)C#N,17,6,1ld7,1
UIN,CCC(c1ccccc1)C2=C(C3=C(CCCCCC3)OC2=O)O,8,3,5upj,1
ULA,CC1CC(=O)CCCC(CC(=O)OC(C(C(CC=Cc2nc(co2)-c3nc(co3)-c4nc1co4)OC)C)CC(C(C)CCC(=O)C(C)C(C(C)C=CN(C)CO)OC(=O)C)OC)O,25,4,1s22,1
UMM,CC(C)C(C(=O)NC1Cc2cccc(c2)OCCCCOC(=O)C3CCCN(C1=O)N3)NC(=O)OC(C)(C)C,16,3,6x4m 6x3y,2
UNI,c1cc(cc(c1)NS(=O)(=O)c2ccc(cc2)C#N)C(C3CC3)C4=C(C5=C(CCCCCC5)OC4=O)O,8,5,1hpo,1
UO7,CC1c2ccc3cnc(cc3c2)C=CCC(=O)NC(C(=O)NC(C(=O)N4CCCC(N4)C(=O)O1)C)C(C)C,21,4,6x4o,1
UOD,CC1c2ccc3ccc(cc3n2)C=CC(C(=O)NC(C(=O)NC(C(=O)N4CCCC(N4)C(=O)O1)C)C(C)C)(C)C,21,4,6x4n,1
UOG,CC1c2ccc3ccc(cc3n2)C=CC(C(=O)OC(C(=O)NC(C(=O)N4CCCC(N4)C(=O)N1)C)C(C)C)(C)C,21,4,6x4p,1
UOJ,CC1c2ccc3ccc(cc3n2)C=CC(C(=O)OC(C(=O)NC(C(=O)N4CCCC(N4)C(=O)N1)C)C5CCC5)(C)C,21,5,6x4q,1
UP2,C1c2c(c(c([nH]2)Cc3c(c(c([nH]3)Cc4c(c(c([nH]4)Cc5c(c(c1[nH]5)CCC(=O)O)CC(=O)O)CC(=O)O)CCC(=O)O)CC(=O)O)CCC(=O)O)CC(=O)O)CCC(=O)O,16,5,2ybq,1
UP3,c1c2c(c(c([nH]2)cc3nc(cc4c(c(c([nH]4)cc5nc1C(=C5CC(=O)O)CCC(=O)O)CC(=O)O)CCC(=O)O)C(=C3CCC(=O)O)CC(=O)O)CC(=O)O)CCC(=O)O,16,5,3d8n,1
V14,C1CCCC(CCC1)Nc2c(c(c(c(c2S(=O)(=O)CCO)F)F)S(=O)(=O)N)F,8,2,6fe1 5e2m 5e2n 4q0l 4q07 4q09 4pyy 6ql3 6rmy,9
V4O,[O-][V]1(=O)O[V](=O)(O[V](=O)(O[V](=O)(O1)[O-])[O-])[O-],8,1,1l7v 1uzi,2
V56,CC(C)CC1C(=O)NC(CCC(=O)NCCCCCC(OC(=O)N1)c2cccc(c2)Cl)CO,17,2,5tg1,1
V5V,c1nc2c3c(n1)n(cn3)C4C(C5C(O4)COP(=O)(OC6C(COP(=O)(O5)S)OC(C6F)n7cnc8c7ncnc8NCC=CCN2)S)F,24,9,6xf4 6xf3,2
V64,CC(C)(C)OC(=O)NC1CCc2nnc(o2)CCCCNC(=O)CCC(NC(=O)C(NC1=O)CC3CCCCC3)CO,20,3,5dgj,1
V66,CC(C)(C)OC(=O)NC1CCc2nnc(o2)CCCCCNC(=O)CCC(NC(=O)C(NC1=O)CC3CCCCC3)CO,21,3,5dg6,1
V69,CCCCCC1CCCCCNC(=O)CCC(NC(=O)C(NC(=O)O1)CC(C)C)CO,17,1,5tg2,1
V6D,CC1CC(=CC=CC(=O)OC(Cc2nc(cs2)CCC(CC(=O)O1)N)C=C(C)C=CC(=CCN(C)C)C)C,19,2,6xki,1
V78,CC(C)C1C(=O)NCC=CCc2ccc(cc2)CC(C(=O)N1)(CCCN(Cc3ccc(cc3)C4CC=S=C4)NC(=O)C(C(C)(C)C)NC(=O)OC)O,15,5,4cpw 4cpu,2
V90,C1CCCC(CCC1)Nc2c(c(c(c(c2S(=O)(=O)N)F)F)SCCO)F,8,2,6rof 6fe0 5ogj 4q06 4q08 4pyx,6
VHA,Cc1ccc2cc1-c3cc(nc(n3)N)Sc4cccc(c4)OCCCCO2,16,4,3vha,1
VHC,Cc1cc(c2cc1-c3cc(nc(n3)N)Sc4cccc(c4)OCCCNC2=O)C,16,4,3vhc,1
VHE,Cc1cc(c2cc1-c3cc(nc(n3)N)SCCC(=O)NCCCNC2=O)C,16,3,3vhd,1
VIF,CC1C=CC(=O)NCC=CC(=CC(CC(Cc2nc(co2)C(=O)N3CCCC3C(=O)OC1C(C)C)F)O)C,23,3,4u27 4u20,2
VIR,CC1C=CC(=O)NCC=CC(=CC(CC(=O)Cc2nc(co2)C(=O)N3CCC=C3C(=O)OC1C(C)C)O)C,23,3,1n8r 4hus 4u25 1yit 1khr,5
VJ6,CC1C=C(C(C(CCC=C(C(=O)Nc2cc(cc(c2)OC)COCC(C1OC)OC)C)OC(=O)N)OC(=O)N)C,19,2,4jql,1
VLB,CCC1(CC2CC(c3c(c4ccccc4[nH]3)CCN(C2)C1)(c5cc6c(cc5OC)N(C7C68CCN9C8C(C=CC9)(C(C7(C(=O)OC)O)OC(=O)C)CC)C)C(=O)OC)O,9,9,5j2t 4eb6 1z2b 5bmv,4
W5D,c1c[nH]c2c1c(ncn2)N3CCCCCOCC3,9,3,5rsi,1
WEV,CC1CC(=CC=CC(C(OC(=O)C(=CC(=CC(C1O)C)C)OC)C(C)C(C(C)C2(CC(C(C(O2)C(C)C)C)O)O)O)OC)C,16,2,7khr,1
XBK,CC1CC=CC=CC=CC=CC(CC2C(C(CC(O2)(CC(CC=CC=CC(=O)O1)O)O)O)C(=O)O)OC3C(C(C(C(O3)C)O)N)O,24,3,2xbk,1
XD6,c1c(c2c(c(c1O)Cl)CC(=O)CCCCC(=CCCOC2=O)C=O)O,14,2,2xd6,1
XJO,CCC1C(C=CC(=O)C(CC(C(C(C(=O)O1)C)OC(=O)c2ccccc2CN(C)C)C)C)C,12,2,4umz,1
XS1,c1ccc(cc1)CC2CC3CC2Oc4cccc(c4)Cn5cc(cn5)C(CCN3)c6cc(nc7c6nn[nH]7)N,15,7,7lan,1
XY5,c1cc2c(cc1N)N=Nc3cc(ccc3CC2)NCC=O,8,3,6iam,1
YCN,C1CNCCNCCNCCN1,12,1,3l8y,1
YED,CCC(C)C1C(=O)N2CCCCC2C(=O)NC(C(=O)NC(C(=O)N1)Cc3cn(c4c3cccc4)OC)CCCCCC(CC)(O)O,12,4,7ltg,1
Z18,CCC1C(C=CC(=O)C(CC(C(C(C(=O)O1)C)OC(=O)CN(C)C)C)C)C,12,1,3zk5,1
ZER,CC1CCCC(=O)CCCC=Cc2cc(cc(c2C(=O)O1)O)O,14,2,5xo8 3wzm 5z97 6jr9 6jqz 5krc,6
ZHB,CC1CCCC(CCCC=Cc2cc(cc(c2C(=O)O1)O)O)O,14,2,5ie7 5ie6 6jrb 6jr5,4
ZIO,CC1CC(C(C(O1)OC2C(CC3(CO3)C(=O)C(C(C(C(OC(=O)C(C(C2C)OC4CC(C(C(O4)C)O)OC)C)C)C)O)C)C)O)N(C)C,14,4,5igr 5igs 2iya,3
ZIT,CCC1C(C(C(N(CC(CC(C(C(C(C(C(=O)O1)C)OC2CC(C(C(O2)C)O)(C)OC)C)OC3C(C(CC(O3)C)N(C)C)O)(C)O)C)C)C)O)(C)O,15,3,5igi 1nwy 1yhq 1m1k 4v7y 5uxd 5uxc 5igv,8
ZM3,CCC1C(C=CC=CC(=O)C(CC(C(C(C=CC(=O)O1)C)OC2C(C(CC(O2)C)N(C)C)O)C)C)COC3C(C(C(C(O3)C)O)O)OC,16,3,2yca 2y5z 4x7u 4x7z,4
ZPN,CC=CC=CC(=O)NC(C1CC(=CC2CC(=C)CC(O2)CCCC(=O)CC(=CC=CC(=O)O1)C)C)O,18,2,5ng1 4i4t 5syg,3
